Price,Close,High,Low,Open,Volume,Date
136.53659057617188,136.53659057617188,137.76961314586066,135.67249701108432,135.92492367893158,5738500,2022-10-25
136.74046325683594,136.74046325683594,138.57544904791507,136.41036344174324,137.86670184147718,6662300,2022-10-26
136.53659057617188,136.53659057617188,138.71137987366455,136.03172242583636,136.11909917840185,7425300,2022-10-27
146.604736328125,146.604736328125,147.50765905011176,142.9444682332903,143.69205944743376,13902800,2022-10-28
147.1484375,147.1484375,147.6436020640694,142.95419038545634,145.63384785267476,8396000,2022-10-31
147.84747314453125,147.84747314453125,149.6533333526491,147.09017836189864,148.53681317212775,5502400,2022-11-01
145.65325927734375,145.65325927734375,149.88635007365892,145.61441529120287,148.12903747410442,6342100,2022-11-02
143.85708618164062,143.85708618164062,145.9056691835825,143.73086546312874,144.47845655682195,4937500,2022-11-03
144.49789428710938,144.49789428710938,145.35228420153757,141.8958953725508,144.1774980691988,7357000,2022-11-04
145.4202423095703,145.4202423095703,146.04161276676862,144.49789762047538,145.3911167267829,5150100,2022-11-07
145.5367431640625,145.5367431640625,146.56590139912282,144.09982677411585,145.6338383154622,3246500,2022-11-08
144.3134307861328,144.3134307861328,146.06103988793134,144.1192552891865,144.93480126514555,4848900,2022-11-09
146.07073974609375,146.07073974609375,147.57562573460498,143.82798096218005,147.46882699181668,6440900,2022-11-10
141.93470764160156,141.93470764160156,145.76972818111267,140.82789132462253,145.59497472747017,7576700,2022-11-11
141.22598266601562,141.22598266601562,143.0318427088589,140.4492659610415,141.99298096784526,6535800,2022-11-14
140.7793731689453,140.7793731689453,144.81828839606445,138.91526186749948,143.29398048589778,6421400,2022-11-15
140.66287231445312,140.66287231445312,142.98330417287048,140.42985284384355,141.08034886615874,4687300,2022-11-16
143.46875,143.46875,144.2357483487372,139.09001653005316,139.09001653005316,6115200,2022-11-17
144.49789428710938,144.49789428710938,145.93481065848772,144.1386688979248,144.4784722941524,3756500,2022-11-18
145.51734924316406,145.51734924316406,146.67271350273776,144.53673849446295,145.0901542415091,5312700,2022-11-21
147.18727111816406,147.18727111816406,147.35232102301077,145.14839146602935,145.721214338375,3234700,2022-11-22
145.75035095214844,145.75035095214844,147.7406831794672,145.40082912288932,146.65328851716828,3026700,2022-11-23
146.65328979492188,146.65328979492188,147.37174063964,145.84744738114668,146.7697921341429,1481200,2022-11-25
145.5367431640625,145.5367431640625,147.77951671841834,145.09014102276024,146.61443416018253,4909000,2022-11-28
144.29400634765625,144.29400634765625,145.24549145146412,143.51730437302854,144.72120132248583,5339000,2022-11-29
147.0513458251953,147.0513458251953,147.46882237917475,143.37165592347338,143.88622762772897,7464500,2022-11-30
147.39114379882812,147.39114379882812,148.8960296848982,146.5658943104048,147.82804232971571,3812600,2022-12-01
147.97369384765625,147.97369384765625,148.1096181723392,145.2648961287487,145.2648961287487,3046600,2022-12-02
146.2357940673828,146.2357940673828,147.9639811830903,145.5367504234291,147.38145468955616,3103800,2022-12-05
145.04159545898438,145.04159545898438,146.47851186886302,143.9930300308112,146.2260852122185,3161700,2022-12-06
144.4590301513672,144.4590301513672,146.34256321019254,144.01242807813023,145.64351970764628,4646100,2022-12-07
139.62399291992188,139.62399291992188,144.42020234633728,138.98320056744348,144.1677757292873,7332400,2022-12-08
137.44920349121094,137.44920349121094,140.00263967338404,137.08996333559668,139.15796827610984,6986800,2022-12-09
138.2550506591797,138.2550506591797,139.2259429104791,136.9346366048269,138.8764211074257,4053900,2022-12-12
136.48805236816406,136.48805236816406,140.75997290836068,136.09968652791946,140.51724981369856,10037600,2022-12-13
138.21621704101562,138.21621704101562,140.2842222104384,136.61425080376446,136.68220555555644,7511800,2022-12-14
136.1190948486328,136.1190948486328,139.81819206931777,135.85694978463388,137.83757833429607,6130400,2022-12-15
138.21621704101562,138.21621704101562,138.96380819856464,134.08022151680967,134.60449679720327,15119400,2022-12-16
137.49774169921875,137.49774169921875,140.0511927973169,137.14821993223435,138.65310572937935,5643700,2022-12-19
136.2550048828125,136.2550048828125,138.2938843851287,136.0899549900938,137.85698586738638,3925300,2022-12-20
137.3521270751953,137.3521270751953,138.01232669071948,135.42004617451738,137.54630256125301,4327400,2022-12-21
135.46861267089844,135.46861267089844,136.69193173710158,133.72100342300675,136.47834904285452,4692300,2022-12-22
135.94432067871094,135.94432067871094,136.55597264885265,134.57535921498348,135.44915620926494,1857900,2022-12-23
136.8861083984375,136.8861083984375,137.38125812980437,135.8569501335204,136.42006943576692,2784400,2022-12-27
134.9346160888672,134.9346160888672,137.29389222805312,134.76956616537018,136.88611921447665,2628300,2022-12-28
135.34237670898438,135.34237670898438,136.41036413339378,135.07052805816022,135.65306934686362,2617300,2022-12-29
135.92491149902344,135.92491149902344,136.03171023635826,134.25497568686427,134.93459728143145,2565400,2022-12-30
134.9928741455078,134.9928741455078,136.01231413876678,132.29379443132808,134.95404496755697,8245300,2023-01-03
135.88607788085938,135.88607788085938,136.87637725139882,133.36175225264384,136.41035314675443,6900800,2023-01-04
140.2744903564453,140.2744903564453,140.89586072512023,136.0802440715492,136.5365645563959,9254700,2023-01-05
144.2454833984375,144.2454833984375,145.11928058665956,141.54638903881315,141.54638903881315,6539600,2023-01-06
144.43966674804688,144.43966674804688,145.8571613583197,143.4493523502196,143.71149744677672,4977100,2023-01-09
145.20663452148438,145.20663452148438,145.53673431274296,143.43961842767015,144.63381168112872,3779400,2023-01-10
144.46876525878906,144.46876525878906,145.48820505243376,143.8085508457599,145.14838684967233,4451500,2023-01-11
145.5464630126953,145.5464630126953,145.72121650938124,142.28426440946245,143.46875415802344,4269400,2023-01-12
145.32315063476562,145.32315063476562,146.18725899360413,143.94448536282297,145.54646652766667,6543800,2023-01-13
142.7017364501953,142.7017364501953,144.83769640274053,142.37163664604483,144.83769640274053,5482000,2023-01-17
141.65316772460938,141.65316772460938,143.43962065280223,141.2648167658854,141.87648359978314,4543400,2023-01-18
140.91529846191406,140.91529846191406,141.4298701615361,139.4783821015341,140.9541276328909,5345700,2023-01-19
140.89588928222656,140.89588928222656,141.27453669590426,138.24535738648274,138.2647793810573,5878200,2023-01-20
140.16769409179688,140.16769409179688,141.58520314051015,139.66284084344503,141.41043485097418,5306400,2023-01-23
141.5657958984375,141.5657958984375,142.27454308931513,138.8472946490231,139.64343340109272,3851700,2023-01-24
143.760009765625,143.760009765625,144.21631545301872,140.9735391823258,141.48811084382814,4352500,2023-01-25
144.36196899414062,144.36196899414062,144.8474151123187,143.1969012734412,143.58525224212772,3808400,2023-01-26
142.45901489257812,142.45901489257812,143.88622767721634,141.9153176059807,143.75030335556698,4061700,2023-01-27
142.7017364501953,142.7017364501953,143.6435031026433,141.1094737785191,141.6628894631006,4485200,2023-01-30
144.9639129638672,144.9639129638672,145.60470537558973,143.18717844843982,143.2842735949333,6073000,2023-01-31
146.57562255859375,146.57562255859375,147.72126844631134,144.16781362458389,144.80859133085616,7111300,2023-02-01
142.67262268066406,142.67262268066406,145.808600709011,141.5269768603584,145.6532691977879,8665700,2023-02-02
140.96383666992188,140.96383666992188,142.41045652326184,140.13857239876265,141.9347288408674,5557500,2023-02-03
137.8375701904297,137.8375701904297,139.09973304422778,137.35212407855656,137.35212407855656,6314200,2023-02-06
138.827880859375,138.827880859375,139.19680982101664,136.1676309010155,136.75987573495308,4952100,2023-02-07
139.62399291992188,139.62399291992188,139.963811086592,137.69192708922827,137.92493171584732,4014500,2023-02-08
138.69195556640625,138.69195556640625,141.0706384741074,138.5754384294004,140.76966426490068,4146600,2023-02-09
139.5172119140625,139.5172119140625,139.75023138491446,138.43952093516194,139.1871121080021,3558000,2023-02-10
142.3134002685547,142.3134002685547,142.33282226335788,139.80849626603134,140.2939424336217,3547900,2023-02-13
143.1968994140625,143.1968994140625,143.29397974765365,140.6725737064583,141.64346593020767,4195500,2023-02-14
143.25514221191406,143.25514221191406,143.69204072416113,142.25512446501835,142.4687219269416,5334700,2023-02-15
142.45901489257812,142.45901489257812,143.74059976639202,141.04152051175484,141.4589970658779,4689200,2023-02-16
145.0027618408203,145.0027618408203,145.05129460106522,142.64348599610705,142.79883230988239,4617700,2023-02-17
142.80853271484375,142.80853271484375,144.21632346727392,141.26481764455082,143.9347712426437,5648800,2023-02-21
143.0415496826172,143.0415496826172,144.1289442065321,142.38133528264078,143.55612136372972,3540100,2023-02-22
140.51724243164062,140.51724243164062,142.1677564257051,138.4783774323755,142.14834924569394,5563000,2023-02-23
140.20655822753906,140.20655822753906,140.3521861442201,138.07059816658756,139.06089762929963,4593600,2023-02-24
139.9346923828125,139.9346923828125,141.75025598938947,139.66284376197655,140.33274691105453,5287900,2023-02-27
138.04144287109375,138.04144287109375,140.10944795262725,137.97348812218985,139.04147544472804,5648900,2023-02-28
137.17735290527344,137.17735290527344,138.33271699770663,136.00258163531183,137.70164299132784,4353800,2023-03-01
137.0414276123047,137.0414276123047,137.27444707273852,136.44918277984468,136.7695789824515,4621300,2023-03-02
137.7696075439453,137.7696075439453,138.29389766730174,136.89581042453844,138.12884775873113,4250300,2023-03-03
139.53662109375,139.53662109375,140.07061473960087,137.517163642393,137.81813783878937,4498100,2023-03-06
138.71136474609375,138.71136474609375,139.92498000372987,137.75019094341513,139.48808147390875,4682100,2023-03-07
139.0123291015625,139.0123291015625,139.84729693218983,138.16765768283236,139.25505213587698,4393100,2023-03-08
136.98318481445312,136.98318481445312,139.6628569218141,136.59483383799162,139.61430934609635,5816500,2023-03-09
135.4491729736328,135.4491729736328,137.93466958727802,134.95402325754105,137.1094052458183,6332200,2023-03-10
135.6627655029297,135.6627655029297,138.25504594780406,135.60451434017918,136.01228729407228,6706400,2023-03-13
138.8472900390625,138.8472900390625,139.02205834100397,136.80842528067538,137.1870726511358,6487700,2023-03-14
140.2162628173828,140.2162628173828,140.71141255227116,138.56574888644764,139.2939181043285,7801500,2023-03-15
137.3909912109375,137.3909912109375,139.39104218877702,137.04146932122848,138.78907876977362,8213900,2023-03-16
138.3035888671875,138.3035888671875,138.73078379916717,136.40064847972775,137.15794319927753,9163900,2023-03-17
141.3716278076172,141.3716278076172,141.77940079416436,138.5851716588912,138.76962875082575,5601700,2023-03-20
140.458984375,140.458984375,142.37164335184147,140.05121139514188,141.92502638458325,5559100,2023-03-21
139.2842254638672,139.2842254638672,141.4395928887592,139.24538147299455,140.73084560907304,4630600,2023-03-22
138.15797424316406,138.15797424316406,139.66286023830835,137.06086122737955,138.8472994649483,6064400,2023-03-23
138.39100646972656,138.39100646972656,138.76965394130096,136.62398987392717,137.77935428619466,4406800,2023-03-24
139.7113800048828,139.7113800048828,140.633739435706,138.8472865496688,139.2356523138678,4945900,2023-03-27
138.63369750976562,138.63369750976562,139.75993607244163,138.47836600928343,139.3910070923264,3462500,2023-03-28
139.62399291992188,139.62399291992188,139.86671594907537,139.28418956788977,139.67254048868017,3965000,2023-03-29
140.36192321777344,140.36192321777344,140.87649501134297,139.6337539082344,140.1386072963055,4601900,2023-03-30
140.6240234375,140.6240234375,141.05121837810552,140.27450165106268,140.68227459946633,5228100,2023-03-31
142.48814392089844,142.48814392089844,142.5269879078177,140.30363631786028,140.7793788624591,5674600,2023-04-03
142.05125427246094,142.05125427246094,142.11922384651243,138.61430194656214,141.35221061047451,6955000,2023-04-04
144.77943420410156,144.77943420410156,145.69207520513112,142.7405695562428,142.7405695562428,8223600,2023-04-05
145.25518798828125,145.25518798828125,145.58528779293437,144.11924585017036,145.051294100325,4263500,2023-04-06
145.6241455078125,145.6241455078125,145.63384909781485,143.57556210458426,144.8085846937374,4984500,2023-04-10
145.5852813720703,145.5852813720703,145.91538116216478,145.177508428782,145.63382894464635,5550100,2023-04-11
145.15809631347656,145.15809631347656,146.3134604720581,144.90566965940067,145.3522866169936,4717300,2023-04-12
145.99305725097656,145.99305725097656,146.1775291416914,144.49788976218804,145.31343566516358,3490800,2023-04-13
145.23577880859375,145.23577880859375,145.7794761382572,144.85713139581804,145.4299543099534,3227400,2023-04-14
146.10958862304688,146.10958862304688,146.11929221284677,145.23577665790643,145.9930714722436,2888400,2023-04-17
145.9445343017578,145.9445343017578,147.2455263984233,145.73093681548252,146.73095467638933,3267600,2023-04-18
144.4493408203125,144.4493408203125,146.09985460297762,144.3231200932002,145.86684995555717,4931500,2023-04-19
141.6920166015625,141.6920166015625,143.4493291946195,140.67257678141388,142.51726612100475,6716100,2023-04-20
141.96385192871094,141.96385192871094,142.30367010843204,140.68226717453388,140.68226717453388,4323600,2023-04-21
141.61436462402344,141.61436462402344,142.4978802546,141.38134511710942,141.87650971747144,3889300,2023-04-24
143.6920623779297,143.6920623779297,144.83770819667197,141.94445325094557,142.01242282390876,6394500,2023-04-25
143.96389770507812,143.96389770507812,144.60469012805567,141.42016482037536,141.93473651362225,4522500,2023-04-26
145.57557678222656,145.57557678222656,146.0707264639629,144.4299162987955,144.51730785468703,6332800,2023-04-27
139.7113800048828,139.7113800048828,142.74057370707857,139.17740115289774,142.23570562093943,9431700,2023-04-28
139.04147338867188,139.04147338867188,140.36188732490322,138.4589321641491,140.3230433421277,5810900,2023-05-01
136.2744598388672,136.2744598388672,139.03179073946183,136.0123147389541,138.83761521956578,6764600,2023-05-02
135.83755493164062,135.83755493164062,137.10942156496262,135.62395742524316,136.49775463167512,5568400,2023-05-03
137.1482391357422,137.1482391357422,137.63368527926835,136.05114092532867,136.05114092532867,4849300,2023-05-04
139.38128662109375,139.38128662109375,139.7113864248522,137.01230720185822,137.38125099114106,5091900,2023-05-05
139.98326110839844,139.98326110839844,140.109481862876,138.56576648047312,139.8085075849457,4526500,2023-05-08
137.8958282470703,137.8958282470703,139.88616036817692,137.62397959600253,139.6240153065614,5038300,2023-05-09
137.8958282470703,137.8958282470703,139.08031800442583,136.8861068023386,138.35214880021417,4738000,2023-05-10
138.54632568359375,138.54632568359375,139.23566572228108,137.59485539529794,137.59485539529794,4137800,2023-05-11
139.9250030517578,139.9250030517578,140.03180180460694,138.61430724640053,138.78906076125813,3914800,2023-05-12
140.41043090820312,140.41043090820312,140.62402838602233,139.22594119107478,139.55605581156618,4065200,2023-05-15
139.5172119140625,139.5172119140625,140.72112362483784,138.7113695771693,140.31335066182683,3657900,2023-05-16
137.45892333984375,137.45892333984375,140.29392686623513,136.75987975091002,140.2356757029306,6752600,2023-05-17
134.15789794921875,134.15789794921875,136.75019356325532,132.37145957890516,136.40067172431208,11619800,2023-05-18
134.98313903808594,134.98313903808594,136.07053354252875,134.0025432663751,134.5947880906818,7738300,2023-05-19
137.4783477783203,137.4783477783203,138.0317486541984,132.94426795859104,135.77928635005892,8884800,2023-05-22
137.25503540039062,137.25503540039062,137.6434011969801,136.23561036911408,136.8278404314624,5300200,2023-05-23
135.92491149902344,135.92491149902344,137.54629973700503,135.8181127616886,137.2841546881578,4794600,2023-05-24
131.80833435058594,131.80833435058594,133.30351680053514,130.9927883676905,132.45883041894118,9328400,2023-05-25
131.21609497070312,131.21609497070312,132.50738357193347,130.19666985651634,131.30348654119356,8849000,2023-05-26
131.18695068359375,131.18695068359375,131.83744668658204,129.818003926525,130.26460604695782,6874700,2023-05-30
133.25497436523438,133.25497436523438,134.69189088788556,131.38115925021566,132.17728326958562,7811200,2023-05-31
134.86663818359375,134.86663818359375,135.14819040132804,133.18698402193743,133.36175232041737,6245500,2023-06-01
127.37136840820312,127.37136840820312,127.52671473806006,121.28386929053737,125.24511181404074,37260200,2023-06-02
128.37136840820312,128.37136840820312,129.13836673098248,127.08007999902429,128.1577709381351,9068400,2023-06-05
124.79847717285156,124.79847717285156,128.08009755751132,123.68195706599384,127.37135039788788,11129200,2023-06-06
122.86640930175781,122.86640930175781,125.24509219841225,122.38096320796552,125.08974589288533,11273700,2023-06-07
126.52669525146484,126.52669525146484,126.6140720054402,124.07033144033988,124.27421794026966,8757700,2023-06-08
127.53641510009766,127.53641510009766,128.06069043179306,126.21600095901766,126.62377395358988,5623000,2023-06-09
126.97328186035156,126.97328186035156,127.96359606126015,125.69171184856346,127.85679732572451,4451900,2023-06-12
126.0994873046875,126.0994873046875,126.89561122798032,125.39072531175546,126.89561122798032,5139100,2023-06-13
124.32274627685547,124.32274627685547,125.9247124436823,124.00235008056232,125.74995896278,8696300,2023-06-14
128.89564514160156,128.89564514160156,129.37138766026413,125.82763700105454,126.71113765765715,8904800,2023-06-15
127.11891174316406,127.11891174316406,128.22574310028097,126.885907090836,127.34222762116465,13014800,2023-06-16
127.41020202636719,127.41020202636719,128.06069813885546,126.0606622197872,127.54612636607158,7027600,2023-06-20
128.81796264648438,128.81796264648438,129.95391949265385,127.17716736625403,127.1868709544311,6577800,2023-06-21
130.42967224121094,130.42967224121094,130.5655965750176,128.8179874156169,129.0898508978715,4841700,2023-06-22
128.93447875976562,128.93447875976562,130.68208756933717,128.7403032952884,129.80827575723225,5331200,2023-06-23
130.9248504638672,130.9248504638672,131.05105640614988,129.11898994661925,129.27432147670896,4426700,2023-06-26
132.20639038085938,132.20639038085938,132.62388173452845,130.9248203680191,131.07044827357842,4046300,2023-06-27
132.30349731445312,132.30349731445312,132.37145207155504,131.1869622853494,132.28407532043514,3263300,2023-06-28
132.8568878173828,132.8568878173828,133.28408276448687,131.95396516389073,131.99279433424581,3071400,2023-06-29
134.85693359375,134.85693359375,135.1287822506629,133.02194775226755,133.26467082555698,4841700,2023-06-30
135.2744598388672,135.2744598388672,135.8181572927846,134.14822093309851,134.87639034059032,1862600,2023-07-03
135.49771118164062,135.49771118164062,135.58508792291485,133.89574499972346,134.78896403357342,3324300,2023-07-05
135.109375,135.109375,135.65307231353873,134.5171301089009,134.60450685972518,3108600,2023-07-06
134.92489624023438,134.92489624023438,135.87636649059502,133.87633083968512,134.4685757006998,3070500,2023-07-07
134.313232421875,134.313232421875,136.26473535643657,134.05110217679322,134.98315045525342,5624700,2023-07-10
135.94432067871094,135.94432067871094,136.00257183637794,133.8957376844714,133.90544127253648,3639600,2023-07-11
136.78900146484375,136.78900146484375,137.13852324942786,135.50743146446152,136.62395156860114,4288500,2023-07-12
136.59481811523438,136.59481811523438,137.08996777542458,135.08022874087519,136.98316904699473,3423500,2023-07-13
135.61422729492188,135.61422729492188,136.25501975871114,134.42975233636676,134.9249020685818,4053300,2023-07-14
133.98313903808594,133.98313903808594,135.58510542681535,133.75983795445526,135.26472400078225,4908900,2023-07-17
134.42002868652344,134.42002868652344,136.37153158512234,133.50738760364595,134.07050688488184,5261800,2023-07-18
133.57534790039062,133.57534790039062,136.3326781360408,133.36175043562233,135.63363458127895,4857600,2023-07-19
136.02200317382812,136.02200317382812,137.157945270305,134.32294182347871,134.32294182347871,5448900,2023-07-20
136.7987060546875,136.7987060546875,137.71134709970482,136.01228573727792,136.75017329604395,12713200,2023-07-21
137.25503540039062,137.25503540039062,138.3424448162008,136.44919303893786,136.47833343649236,5012000,2023-07-24
138.32302856445312,138.32302856445312,138.68225397839942,136.7890169371892,138.16768223936896,4271700,2023-07-25
136.98318481445312,136.98318481445312,137.62397725879077,135.701614740418,137.26475186483185,4436400,2023-07-26
135.80841064453125,135.80841064453125,138.39097273187505,135.33266811585855,137.8375718612442,5560900,2023-07-27
136.76959228515625,136.76959228515625,138.00262964275956,134.31323597422912,134.8375261075398,7683100,2023-07-28
133.7598419189453,133.7598419189453,136.5074690207314,133.19672258361348,136.5074690207314,5633900,2023-07-31
133.26466369628906,133.26466369628906,134.42002783368065,131.88599849151652,134.08992802718018,4167300,2023-08-01
131.82777404785156,131.82777404785156,133.30353470172705,131.3326242377378,133.30353470172705,4810100,2023-08-02
131.4296875,131.4296875,132.01222881290235,130.7889098333766,131.5364862468774,2753600,2023-08-03
130.6820831298828,130.6820831298828,132.4976466237569,130.54615882790247,131.83743228939682,3255600,2023-08-04
132.6724090576172,132.6724090576172,133.18698072236367,131.08014649196713,131.51705982002332,3554400,2023-08-07
132.2937774658203,132.2937774658203,133.56565880390093,132.2258227094603,132.51709335798748,3242500,2023-08-08
133.7015838623047,133.7015838623047,134.3326579253636,132.1190246878785,132.26465260561804,4092900,2023-08-09
133.72097778320312,133.72097778320312,135.38120995402602,133.57534987990252,134.61419682427163,2492800,2023-08-10
134.313232421875,134.313232421875,134.53654830942799,133.03166233533216,133.08991350090588,2897000,2023-08-11
135.439453125,135.439453125,135.81810046588222,134.13846121680353,134.90545948666912,3117800,2023-08-14
134.54624938964844,134.54624938964844,135.53656362985421,134.15788360199912,134.67247012246446,2664500,2023-08-15
134.22586059570312,134.22586059570312,135.61422947492403,134.1967350118482,134.88606024926924,2755600,2023-08-16
132.4005889892578,132.4005889892578,135.08026143678433,132.20641347637783,134.62394083346328,3916300,2023-08-17
132.17727661132812,132.17727661132812,133.3714699875479,131.68212687353963,132.3617485179476,3632500,2023-08-18
131.6044464111328,131.6044464111328,132.6238862285102,130.8083076613928,131.85687306086896,4141100,2023-08-21
131.22579956054688,131.22579956054688,131.40055305384718,130.30345488952412,131.09957882784775,3239900,2023-08-22
132.36172485351562,132.36172485351562,132.82774892427094,131.80830923260024,132.25492612744273,3267800,2023-08-23
129.43936157226562,129.43936157226562,132.31319432921202,129.34226642164123,131.0607498481412,6200000,2023-08-24
129.46849060058594,129.46849060058594,130.06073548002257,127.64320838567158,128.97332605971766,5732600,2023-08-25
131.24522399902344,131.24522399902344,131.37144474832186,130.1384072853104,130.39084878390727,3975300,2023-08-28
132.75982666015625,132.75982666015625,133.0802229167627,131.08989061552722,131.55591480029946,3502300,2023-08-29
133.390869140625,133.390869140625,133.81806404814313,132.7403731913181,133.4199947193523,3185200,2023-08-30
132.28407287597656,132.28407287597656,134.07051111196228,132.03164621697005,133.69186371613225,6627300,2023-08-31
133.33262634277344,133.33262634277344,133.66272613213812,132.27435741029535,133.07048130315366,3039800,2023-09-01
132.90545654296875,132.90545654296875,134.75014612852664,132.5268091095272,133.33265155806012,3881200,2023-09-05
130.2257843017578,130.2257843017578,134.93460290027107,128.5461300160365,133.06078793903364,10514700,2023-09-06
133.28407287597656,133.28407287597656,135.88607153591053,130.58499389003757,130.92481206765143,8462200,2023-09-07
133.6239013671875,133.6239013671875,135.32296275711977,132.78893346297804,133.87632801185003,4273100,2023-09-08
136.17735290527344,136.17735290527344,137.1482452355069,134.02197074698387,134.28411582424644,5271800,2023-09-11
136.03170776367188,136.03170776367188,136.5171538673443,134.8277960932941,136.3812295509016,4862500,2023-09-12
137.38125610351562,137.38125610351562,138.002626563271,135.7210238046003,136.3521126684183,5427100,2023-09-13
138.95408630371094,138.95408630371094,139.9346969027075,137.06084948508084,137.63367232501318,7191200,2023-09-14
137.79873657226562,137.79873657226562,140.71141346263326,137.3327124179062,139.77936515391445,19544200,2023-09-15
136.71133422851562,136.71133422851562,139.3133331407424,136.53658073597916,139.07061008023737,4000800,2023-09-18
138.32302856445312,138.32302856445312,138.3521541485763,136.1190988730746,136.89581568385444,5252800,2023-09-19
137.93466186523438,137.93466186523438,138.886132072447,137.3035730469074,138.61428344181482,3396100,2023-09-20
135.9152069091797,135.9152069091797,138.90555671789437,135.8666593353596,137.79872536749883,4297400,2023-09-21
135.29383850097656,135.29383850097656,136.2064647550689,135.24529092643212,135.2549945154851,3175300,2023-09-22
135.9346160888672,135.9346160888672,135.96374167066026,134.1578815262914,134.6918752168972,3910500,2023-09-25
136.3715362548828,136.3715362548828,137.1676602213814,135.56569388420806,135.93462287688962,4661000,2023-09-26
135.63365173339844,135.63365173339844,136.74046836596537,134.5948046730527,136.22589663067097,3396900,2023-09-27
135.63365173339844,135.63365173339844,136.66279520398723,135.16762757617047,136.14822346869283,2791900,2023-09-28
135.9734649658203,135.9734649658203,136.78901091464388,135.4977224216864,135.6045211636495,2804800,2023-09-29
135.20643615722656,135.20643615722656,136.4006441742856,134.50739262053202,135.84722853496967,2935500,2023-10-02
132.45883178710938,132.45883178710938,134.7210126650104,132.2452491066943,134.7210126650104,4468200,2023-10-03
134.04139709472656,134.04139709472656,134.3909189375471,131.86660768574703,132.45883780436668,3559400,2023-10-04
133.42971801757812,133.42971801757812,134.51712743770284,132.85689513180623,134.16760562670567,3686000,2023-10-05
134.98313903808594,134.98313903808594,135.40063038045247,132.8763047784085,133.23553014548926,4870900,2023-10-06
136.06082153320312,136.06082153320312,136.60451875177526,134.68215649621288,135.21615012682412,3800500,2023-10-09
138.26475524902344,138.26475524902344,138.32300640793912,136.0414039194845,136.1482026490428,3761800,2023-10-10
138.95408630371094,138.95408630371094,139.35215565944935,137.585139566941,138.09971124547536,3752500,2023-10-11
137.03172302246094,137.03172302246094,139.70167654337195,135.67247988312553,139.3812803431059,4125900,2023-10-12
137.5463104248047,137.5463104248047,138.2744796501306,136.42979020516128,137.6142799968627,3181200,2023-10-13
139.0706024169922,139.0706024169922,139.4977825356445,137.92494193092529,138.7210806365391,3009200,2023-10-16
138.6143035888672,138.6143035888672,139.96384334945563,137.3618441735352,139.15800092915586,3663800,2023-10-17
135.6239471435547,135.6239471435547,138.48807645266444,135.5171483984524,138.30360454615678,5464100,2023-10-18
133.82778930664062,133.82778930664062,136.00259336314997,133.74041255630996,135.78899587480348,6731800,2023-10-19
133.0025177001953,133.0025177001953,134.83750322611107,132.86659339511408,134.38118274163017,5724800,2023-10-20
133.73069763183594,133.73069763183594,135.0122676386497,132.934558912817,132.934558912817,3353100,2023-10-23
136.9637908935547,136.9637908935547,137.1967955761297,134.6627659506356,134.99286579404455,5045100,2023-10-24
136.8861083984375,136.8861083984375,139.13857079278304,133.68216089961996,139.06089763233794,9277900,2023-10-25
138.70169067382812,138.70169067382812,139.1288857057679,134.39092599100655,135.3812404000813,7252000,2023-10-26
135.92491149902344,135.92491149902344,139.2162355491642,135.14819475610108,138.77933701084527,5429700,2023-10-27
137.44920349121094,137.44920349121094,138.1288250071004,135.41032412890462,137.20648046306198,4830400,2023-10-30
139.6725616455078,139.6725616455078,140.0317870423843,137.17736141682437,137.42008448274422,3971900,2023-10-31
140.8279266357422,140.8279266357422,141.19685562414918,139.24536749597635,140.38130967338802,4277100,2023-11-01
142.23573303222656,142.23573303222656,142.28428061393728,139.71140692968862,140.77939446875666,4880400,2023-11-02
143.1968994140625,143.1968994140625,143.86680260415224,142.47843383521771,143.3328237328018,4323900,2023-11-03
143.05126953125,143.05126953125,144.33285449265455,142.77942086937162,143.2939926089729,3253900,2023-11-06
142.84739685058594,142.84739685058594,143.67264646308155,142.59495535705886,143.37167220354542,3504000,2023-11-07
142.37164306640625,142.37164306640625,143.41050491498905,141.7891017736966,142.72116487910395,3558600,2023-11-08
142.61436462402344,142.61436462402344,143.3037046526006,141.9638685823567,142.20659164930578,3347200,2023-11-09
143.31341552734375,143.31341552734375,143.46876185360188,141.67260514101486,143.0609888581551,4010900,2023-11-10
142.92506408691406,142.92506408691406,143.5755601596488,142.32310077817485,143.19691274970944,3151900,2023-11-13
142.73089599609375,142.73089599609375,144.17753110271923,142.1871985858473,143.71150686745705,5262800,2023-11-14
142.9153289794922,142.9153289794922,143.20659960262878,141.5269602435241,142.5269780250696,4675000,2023-11-15
143.1968994140625,143.1968994140625,144.9444935650996,142.78912645784453,144.61439376453836,3641000,2023-11-16
143.41050720214844,143.41050720214844,144.24547516720708,142.8376694898133,143.65323027554177,3267800,2023-11-17
144.17750549316406,144.17750549316406,144.59498206807635,142.95418653740182,143.48816544677504,4007700,2023-11-20
144.2843017578125,144.2843017578125,145.09984771430197,143.82798120282996,145.08042572067876,3112300,2023-11-21
144.5755615234375,144.5755615234375,145.24547951393873,144.3425420614164,144.68236025836725,2913800,2023-11-22
144.6435089111328,144.6435089111328,145.06100024083878,143.98330935763875,144.54642858454528,1341400,2023-11-24
144.46876525878906,144.46876525878906,145.0998392757579,143.83767642718064,144.64351874731352,3923200,2023-11-27
144.0609893798828,144.0609893798828,144.59496823818324,143.65321643363046,144.04156738778337,3096900,2023-11-28
145.19692993164062,145.19692993164062,145.26488468130685,144.26486691109332,144.6338106838615,4326500,2023-11-29
146.70838928222656,146.70838928222656,146.92291919504925,144.504599580598,144.6216104860244,5596100,2023-11-30
148.463623046875,148.463623046875,149.038946487976,146.55236066305284,146.55236066305284,4391200,2023-12-01
148.9999542236328,148.9999542236328,149.61427636542663,147.61527059833978,147.6640152234401,4127700,2023-12-04
150.1700897216797,150.1700897216797,150.68690767128612,148.20032204094178,149.04869565275473,4577400,2023-12-05
151.63278198242188,151.63278198242188,151.74979287273345,149.86779828344464,151.07695049482288,5433600,2023-12-06
152.47140502929688,152.47140502929688,153.00772977823885,151.19398645955997,151.9643330049053,4232200,2023-12-07
152.51040649414062,152.51040649414062,153.0954907544808,150.4041358913998,152.91021357606272,3791300,2023-12-08
154.89947509765625,154.89947509765625,156.24514497608322,154.0706082786108,154.11936777607986,5170800,2023-12-11
156.44992065429688,156.44992065429688,157.18126843979428,155.06523729927216,155.83558375310022,5049300,2023-12-12
155.58209228515625,155.58209228515625,156.33294702339853,154.6264684505921,155.9721385786442,5195300,2023-12-13
152.9687042236328,152.9687042236328,154.62643784107613,152.3153686277516,154.51917289970402,5758600,2023-12-14
152.26663208007812,152.26663208007812,153.47579933966864,151.0477188713701,152.96872727863885,11044900,2023-12-15
152.3738555908203,152.3738555908203,153.4465048744396,151.1939562581467,152.53962595659647,4072300,2023-12-18
151.99359130859375,151.99359130859375,152.84196498962837,151.47677331681837,152.26662666729354,2722800,2023-12-19
150.69667053222656,150.69667053222656,152.76395744197762,150.28711748162883,152.29588405902746,3866600,2023-12-20
151.07696533203125,151.07696533203125,151.52553192112836,150.43339049280289,151.38901424258768,3213600,2023-12-21
151.83758544921875,151.83758544921875,152.29588312165538,150.48215457130516,151.3012606674591,2783900,2023-12-22
152.92970275878906,152.92970275878906,153.36850846390647,150.01405749973136,151.2524772767015,2991200,2023-12-26
154.01211547851562,154.01211547851562,154.57769296111243,151.93508272613724,152.13986668059727,3575700,2023-12-27
154.9969940185547,154.9969940185547,155.34804160283056,153.82684036407213,154.23639339917548,3013000,2023-12-28
156.34266662597656,156.34266662597656,156.87899134862485,154.4314043996235,154.89947772810373,3867900,2023-12-29
157.88339233398438,157.88339233398438,158.94628107195842,156.3426842656836,156.3426842656836,5049700,2024-01-02
158.04917907714844,158.04917907714844,160.40899348761894,157.84439509175587,158.94629749837014,4608600,2024-01-03
158.26370239257812,158.26370239257812,159.50212244454795,158.1466766004004,158.8000272087314,4068700,2024-01-04
159.3070526123047,159.3070526123047,159.38506483174416,157.71760013906717,158.21491129877077,4552800,2024-01-05
159.34609985351562,159.34609985351562,159.91167740455444,158.28321103762264,159.40460531063815,4135100,2024-01-08
159.1412811279297,159.1412811279297,159.726365330035,157.67858550197573,158.99501751705805,4102500,2024-01-09
159.22906494140625,159.22906494140625,159.61912609873988,157.78587585755113,159.14130676074808,4502200,2024-01-10
158.13690185546875,158.13690185546875,159.0730336258672,157.80536107651272,158.94626190713882,3662000,2024-01-11
158.49771118164062,158.49771118164062,159.67762568012813,158.23443664934845,159.33632403992704,3394300,2024-01-12
159.0242919921875,159.0242919921875,159.18031645133277,156.11840711733583,157.79563285486907,4839800,2024-01-16
160.1846923828125,160.1846923828125,160.9842916604709,158.71223579603057,159.05353742484627,5598000,2024-01-17
160.7892608642578,160.7892608642578,161.26708014594206,158.23442382186659,158.57571055508961,4041000,2024-01-18
161.0525665283203,161.0525665283203,161.8229131222337,160.11643464575485,160.29196588343464,4332300,2024-01-19
160.29197692871094,160.29197692871094,161.62790112382956,160.17495113575666,161.1890953183604,5253300,2024-01-22
159.6678924560547,159.6678924560547,161.66689831585128,159.3850962449366,160.8477921692633,6194000,2024-01-23
157.97113037109375,157.97113037109375,160.555220070502,157.84435865324403,159.45333279757241,5743000,2024-01-24
158.5172119140625,158.5172119140625,159.37533151660443,157.96139526555103,158.62447686438026,7629700,2024-01-25
158.12716674804688,158.12716674804688,161.5693762509362,155.62107420042196,155.9428690535787,8882500,2024-01-26
159.0340118408203,159.0340118408203,159.49232431477267,155.5235513620492,157.66883524562746,6604100,2024-01-29
157.67860412597656,157.67860412597656,159.70687741905002,157.55184727468585,158.4782183046786,6502700,2024-01-30
157.2202911376953,157.2202911376953,158.8097586624896,156.4694513429285,158.29294067209227,5427200,2024-01-31
158.45870971679688,158.45870971679688,158.94627497746393,156.25492009513366,157.22028978849545,5104000,2024-02-01
157.756591796875,157.756591796875,159.17052787300648,157.27877255378817,158.69272350922847,4164200,2024-02-02
157.98089599609375,157.98089599609375,158.16617318239435,155.93313075640356,156.1671525670473,4311400,2024-02-05
156.99600219726562,156.99600219726562,158.32218020230312,156.59619514237488,157.85412175326334,4142300,2024-02-06
157.756591796875,157.756591796875,158.26366376103766,156.80096819001017,157.72733907579914,3686800,2024-02-07
156.92774963378906,156.92774963378906,157.9711464468344,155.26028475370893,157.7566165390926,4052200,2024-02-08
158.15643310546875,158.15643310546875,158.59523889602937,156.29393010361613,157.46408383821515,4475500,2024-02-09
157.7371063232422,157.7371063232422,158.3319365309559,157.093531493359,158.10766067931948,3261900,2024-02-12
157.4640655517578,157.4640655517578,158.85850987369503,156.00136983354537,158.10765523880576,4783600,2024-02-13
157.40557861328125,157.40557861328125,157.961410193632,156.91801331654355,157.69812076718628,3782500,2024-02-14
157.5518341064453,157.5518341064453,158.05889122785032,156.84973899139698,157.69809772236795,3363600,2024-02-15
156.42068481445312,156.42068481445312,157.34705580019724,155.65032339817733,157.22028407565074,4594300,2024-02-16
158.0198974609375,158.0198974609375,159.29731601067334,157.2885496000069,157.2885496000069,4066700,2024-02-20
159.9701690673828,159.9701690673828,159.9994217934216,158.68298960443067,158.7610018336379,3928000,2024-02-21
159.48260498046875,159.48260498046875,160.40897603031345,158.74149623714385,159.30707374361916,4394800,2024-02-22
160.25294494628906,160.25294494628906,161.3938458610594,159.3168279861594,159.3168279861594,3910500,2024-02-23
159.83364868164062,159.83364868164062,160.2919612209086,158.8487573239617,159.141299458711,3907600,2024-02-26
160.52597045898438,160.52597045898438,160.57472995751078,158.88775843952834,159.46308183593422,3403800,2024-02-27
159.72637939453125,159.72637939453125,160.47723404817643,159.10229646767712,160.12618647186406,3354000,2024-02-28
159.87322998046875,159.87322998046875,161.04804556220134,159.04106085167157,160.9795073084599,5128400,2024-02-29
159.94175720214844,159.94175720214844,160.32357264900202,158.62009524238957,159.27603383372312,3298400,2024-03-01
159.9123992919922,159.9123992919922,160.35295330987415,158.93338372399137,159.2760451482285,3531400,2024-03-04
162.41867065429688,162.41867065429688,163.27042432470225,160.13757761251006,160.9599470734746,9049500,2024-03-05
163.90676879882812,163.90676879882812,164.60187635806972,162.32076851193207,162.32076851193207,5924100,2024-03-06
160.9403533935547,160.9403533935547,165.10116916374852,160.63686098637388,164.9053690563987,5953800,2024-03-07
160.5487518310547,160.5487518310547,161.96832127066196,160.06902887427285,160.8228749667613,4444700,2024-03-08
161.30259704589844,161.30259704589844,162.12498146329708,159.7068118536263,160.65645813460267,4138100,2024-03-11
160.24525451660156,160.24525451660156,161.19490077422867,159.9123928222104,160.84245458646407,3800300,2024-03-12
160.64663696289062,160.64663696289062,161.46900633186422,160.04943695810482,160.63685218656587,4441400,2024-03-13
159.44248962402344,159.44248962402344,159.9515819456836,158.5319972999275,159.68724353693403,3967400,2024-03-14
158.4145050048828,158.4145050048828,161.4396594929829,158.27744342434536,159.80470530421758,9849300,2024-03-15
157.76834106445312,157.76834106445312,158.62009470345637,156.02569467821243,158.48303313168208,4803000,2024-03-18
157.36695861816406,157.36695861816406,158.60051278414795,157.27883586884357,158.41449744688083,3232800,2024-03-19
157.77813720703125,157.77813720703125,158.19910668987933,156.7599527495451,157.3081990242266,4007600,2024-03-20
157.552978515625,157.552978515625,158.5319941478014,156.79914723463614,158.2383014090229,3312400,2024-03-21
157.2396697998047,157.2396697998047,158.14036220844454,155.5068082949896,158.0816236724491,3546400,2024-03-22
157.73895263671875,157.73895263671875,157.98370648077452,156.7697369749549,156.9459525721523,4183800,2024-03-25
157.71939086914062,157.71939086914062,158.33616042836093,156.50540636481628,157.2494527095758,4195900,2024-03-26
158.61029052734375,158.61029052734375,159.07042899220113,157.95435195668526,158.82567512530213,4479800,2024-03-27
159.79490661621094,159.79490661621094,160.30399884471527,158.6102913215085,159.53056825583113,3919700,2024-03-28
159.25645446777344,159.25645446777344,159.86343931600626,158.2089156187719,159.79491599697585,3256800,2024-04-01
158.67884826660156,158.67884826660156,158.97255593066623,157.8075249909849,158.5222021872881,4124900,2024-04-02
159.83407592773438,159.83407592773438,159.98093722579,158.1403831813552,158.50261416042682,3245900,2024-04-03
158.21868896484375,158.21868896484375,161.06762753648528,158.03267363741426,160.44105824011717,3331600,2024-04-04
157.7292022705078,157.7292022705078,158.9138177071486,156.93620203294316,157.99354066256015,3180600,2024-04-05
157.5236053466797,157.5236053466797,158.37535908385522,156.1627742491473,156.55438945549025,4012000,2024-04-08
157.62149047851562,157.62149047851562,158.18932124305667,156.71101326304517,157.70959828544684,3359000,2024-04-09
157.01449584960938,157.01449584960938,157.65084988910695,156.03548044201952,157.65084988910695,4438900,2024-04-10
157.3179931640625,157.3179931640625,157.60190106817805,156.4075010384145,157.2005160918202,4790900,2024-04-11
156.69142150878906,156.69142150878906,157.49420638794058,156.26065233230247,156.75994482036293,3827400,2024-04-12
156.4662628173828,156.4662628173828,158.60050941553743,156.03549361151175,158.60050941553743,4494600,2024-04-15
156.43687438964844,156.43687438964844,157.22988946375267,155.80052031360637,157.22988946375267,3810400,2024-04-16
156.7305908203125,156.7305908203125,157.27883712066898,156.06486743804857,156.23129828361456,4098300,2024-04-17
157.47463989257812,157.47463989257812,158.12077873126276,156.70120932743677,156.70120932743677,3246600,2024-04-18
158.92356872558594,158.92356872558594,158.98230725832164,157.32776887284956,158.07183012373974,5126100,2024-04-19
158.9529571533203,158.9529571533203,161.15574202798462,158.70820327835762,160.41169562599077,3701900,2024-04-22
159.82427978515625,159.82427978515625,160.431264612567,158.94317181384443,159.27603349735415,4165100,2024-04-23
160.7347412109375,160.7347412109375,161.09698706719968,158.75714085860554,159.17811031010737,4713700,2024-04-24
160.60751342773438,160.60751342773438,161.72359062294663,158.3068207742477,161.31240586035187,5817300,2024-04-25
160.51939392089844,160.51939392089844,160.72497881793086,157.24947067599746,158.80611673220085,7969000,2024-04-26
160.80328369140625,160.80328369140625,161.2438376453086,159.78511422153002,160.34314524618233,3451400,2024-04-29
160.7249755859375,160.7249755859375,160.9990987355295,159.64806748070933,160.8032986199054,4122400,2024-04-30
161.9976806640625,161.9976806640625,163.0060653386378,160.5487420438575,161.04803452375924,6020800,2024-05-01
161.44944763183594,161.44944763183594,162.82006333892465,161.0676321892476,162.82006333892465,3449800,2024-05-02
161.1459503173828,161.1459503173828,161.7725196127848,160.1277658757356,161.44944271910387,4274900,2024-05-03
158.96275329589844,158.96275329589844,161.3907226649082,158.41450696695819,160.74456880354631,6022300,2024-05-06
158.78652954101562,158.78652954101562,159.3935143829213,158.2186987469204,159.33477584190996,4611400,2024-05-07
159.41310119628906,159.41310119628906,160.646655391255,158.8452703939294,159.09002427743314,5106000,2024-05-08
161.22425842285156,161.22425842285156,161.26342740677487,159.0802271186473,159.824273488696,4774700,2024-05-09
160.75433349609375,160.75433349609375,161.47881030515566,160.09839493888197,160.95993331305394,3084800,2024-05-10
159.9221954345703,159.9221954345703,161.5277803326678,159.3054108601637,161.5277803326678,3686200,2024-05-13
159.0019073486328,159.0019073486328,161.04804611215158,158.32638427871737,160.50958461159647,4657200,2024-05-14
159.26622009277344,159.26622009277344,160.5976816509642,159.0997892653233,159.55992770416356,4647400,2024-05-15
160.1473388671875,160.1473388671875,160.24523144277617,158.74733909510704,159.4620310837097,3217700,2024-05-16
160.5585479736328,160.5585479736328,160.5585479736328,159.14876321100675,159.68722474375858,2921400,2024-05-17
160.46063232421875,160.46063232421875,160.75433995800094,159.72637070905864,160.62707810294827,2983400,2024-05-20
160.9109649658203,160.9109649658203,161.27319586821866,160.21585748811088,160.8718109244484,3218000,2024-05-21
162.0270538330078,162.0270538330078,162.38928476213465,159.8340538896415,160.2354538016193,4197800,2024-05-22
161.50819396972656,161.50819396972656,162.12497853699483,160.76414754117758,160.93057838946123,3629200,2024-05-23
162.51657104492188,162.51657104492188,162.7123711548482,161.30258646163338,161.7431553822061,3722100,2024-05-24
163.79910278320312,163.79910278320312,165.16973362934695,161.8998100694591,162.06624093404793,5729300,2024-05-28
165.3361358642578,165.3361358642578,165.56130523752367,163.62285880719458,164.09278204575517,6166000,2024-05-29
167.11795043945312,167.11795043945312,167.48019634911932,164.93474995827174,165.62005785162557,6208500,2024-05-30
171.9432830810547,171.9432830810547,172.25775772770837,166.83293136278598,167.15724318307016,8684300,2024-05-31
170.095703125,170.095703125,175.39276648487035,168.22845451284877,171.491217248109,7801600,2024-06-03
174.8424072265625,174.8424072265625,175.76620176465073,170.08586406841758,170.09568624591333,7238200,2024-06-04
177.16172790527344,177.16172790527344,178.04620380268557,175.1962125815204,175.9332808279278,8973500,2024-06-05
176.67034912109375,176.67034912109375,179.5203403430132,176.30671858903273,177.16172795216207,7651300,2024-06-06
176.719482421875,176.719482421875,177.5449952236883,176.17896273175037,176.42465213674419,5994200,2024-06-07
177.57449340820312,177.57449340820312,179.16655610326904,176.15931990339226,176.82758794972372,6774800,2024-06-10
175.323974609375,175.323974609375,177.78086895645532,174.97018122356772,177.63346129390771,7331000,2024-06-11
170.79344177246094,170.79344177246094,174.15448606037387,168.22844376054297,173.8301742432703,10923100,2024-06-12
172.09068298339844,172.09068298339844,172.37567608771715,170.19395302813652,171.1767106226975,5444700,2024-06-13
172.9555206298828,172.9555206298828,173.04396521757994,171.20621324886903,172.0120667073728,4045200,2024-06-14
174.32154846191406,174.32154846191406,175.74654398747862,171.79585422364715,172.95551599323355,6591900,2024-06-17
174.547607421875,174.547607421875,175.17657179229732,172.54278817730813,174.80311904258946,5712000,2024-06-18
173.39776611328125,173.39776611328125,175.93328270749362,172.73932027227258,173.4665513525877,6596400,2024-06-20
173.68275451660156,173.68275451660156,174.36085969140944,171.11775646163227,172.4346631035264,12269700,2024-06-21
174.88172912597656,174.88172912597656,175.66793828246313,173.13242162553246,174.390350277634,5958300,2024-06-24
174.56724548339844,174.56724548339844,175.71707012990535,174.20361495725442,175.38293612918199,5673300,2024-06-25
173.27001953125,173.27001953125,174.45916302763644,170.77382140073155,173.95794696913356,5316600,2024-06-26
174.36087036132812,174.36087036132812,174.54759672473855,172.6803630820194,173.27000870807635,3157400,2024-06-27
173.14224243164062,173.14224243164062,175.78586301407972,173.07345719117794,174.61637896498357,5172300,2024-06-28
175.9922637939453,175.9922637939453,176.08070839455166,173.6827770290441,174.52794931367885,3257400,2024-07-01
176.87672424316406,176.87672424316406,176.89638359569074,174.63603791727402,175.0487943461809,3317400,2024-07-02
175.38294982910156,175.38294982910156,176.5032930333943,174.93087467845692,175.78586909876924,1652900,2024-07-03
176.1494903564453,176.1494903564453,176.3853426002531,174.8620652109959,175.82517852551763,3256500,2024-07-05
176.08070373535156,176.08070373535156,176.82759422464258,175.16674622854913,175.95294042961623,2370200,2024-07-08
175.9627685546875,175.9627685546875,177.2010378538087,175.3829451127278,176.5818957064019,2940800,2024-07-09
177.4074249267578,177.4074249267578,177.95776684169286,175.5598356445966,175.5598356445966,3338400,2024-07-10
175.72691345214844,175.72691345214844,177.70226615582607,174.84243746247034,176.15932926779317,4758300,2024-07-11
176.44430541992188,176.44430541992188,177.67275250704748,175.47138492416124,176.346038650367,3043900,2024-07-12
178.6162109375,178.6162109375,179.19603437816588,175.58931543959875,175.66793785462517,4028300,2024-07-15
179.82498168945312,179.82498168945312,180.65050947128114,178.12481523797516,178.83240191057578,5437500,2024-07-16
180.39500427246094,180.39500427246094,182.22293422731968,179.1174162402362,180.59155281687413,5228500,2024-07-17
179.1468963623047,179.1468963623047,180.6308701016853,178.58673226535075,180.4638030904642,4236900,2024-07-18
178.91104125976562,178.91104125976562,180.08052531538044,178.8029373135569,179.078108268326,2494900,2024-07-19
174.38052368164062,174.38052368164062,178.55724378674603,173.73190001929348,178.2918950165691,4391100,2024-07-22
173.51568603515625,173.51568603515625,174.5868882608027,172.6803510409009,174.55740673134025,3621200,2024-07-23
173.8400115966797,173.8400115966797,174.46897593441636,171.22587247596147,174.00707860873712,4499600,2024-07-24
172.12017822265625,172.12017822265625,177.22069294404469,172.00225210053603,175.17655518503918,4166300,2024-07-25
172.5034637451172,172.5034637451172,173.50588083198545,170.83277859746542,172.66070858142848,3117200,2024-07-26
173.8203582763672,173.8203582763672,173.977603115182,172.0514063246265,172.68037068419264,2400800,2024-07-29
172.33639526367188,172.33639526367188,174.82277110837964,170.74433254772111,174.52794079172764,4848100,2024-07-30
179.1370849609375,179.1370849609375,179.59898231209328,173.84002118504878,177.22071031023444,8036700,2024-07-31
183.84446716308594,183.84446716308594,184.27686790067,178.68498988283224,178.73411576513934,5228400,2024-08-01
185.5053253173828,185.5053253173828,190.42895065358653,185.05326520400752,185.74119254763826,7922800,2024-08-02
183.64791870117188,183.64791870117188,190.14394741858737,182.19344156652687,189.05308581868064,6523000,2024-08-05
186.5863800048828,186.5863800048828,189.32826742626665,183.30397284216738,183.7265514608586,4492100,2024-08-06
187.30377197265625,187.30377197265625,190.58617883808625,186.58636310587826,186.58636310587826,4685900,2024-08-07
190.271728515625,190.271728515625,190.4977585992576,186.72397243944778,187.15638824861844,5437100,2024-08-08
190.85154724121094,190.85154724121094,191.02845142951324,188.79758719443916,190.3306868464926,2802200,2024-08-09
191.58860778808594,191.58860778808594,191.87361591446708,189.92774490028884,190.8515395239648,2870800,2024-08-12
191.96205139160156,191.96205139160156,192.55169697748298,190.5370558144404,192.32566691934636,3736900,2024-08-13
193.10206604003906,193.10206604003906,193.63274860039772,191.12671346407132,191.6180923145003,3248100,2024-08-14
191.27413940429688,191.27413940429688,193.43620338420826,189.55431339823446,192.93500234660516,4673300,2024-08-15
193.1708526611328,193.1708526611328,193.3379196719889,190.05551252664355,191.03827023452126,3161700,2024-08-16
194.17327880859375,194.17327880859375,195.36240729318502,192.94483161625956,193.76052235145264,2786400,2024-08-19
192.83673095703125,192.83673095703125,194.65483883101524,192.75810853589584,193.4165544427496,2885500,2024-08-20
192.08982849121094,192.08982849121094,193.7211948922056,191.8441390638433,192.98412661010272,3252500,2024-08-21
193.0529327392578,193.0529327392578,193.75068233668785,191.81464839029192,192.512412983415,3034900,2024-08-22
195.15603637695312,195.15603637695312,195.71620049836454,193.10207627228917,194.3403456425354,2481100,2024-08-23
196.97410583496094,196.97410583496094,197.14118782933133,195.56876961306028,195.56876961306028,2537500,2024-08-26
200.5120391845703,200.5120391845703,200.59066159489845,196.78739434388507,197.67187021761654,3687000,2024-08-27
197.93722534179688,197.93722534179688,201.74049271508724,197.6129135121508,201.74049271508724,4062900,2024-08-28
196.63015747070312,196.63015747070312,197.93722697831655,195.8341261530322,197.93722697831655,3340100,2024-08-29
195.9301300048828,195.9301300048828,197.8626047343662,193.99764023083165,197.1625809962357,3915100,2024-08-30
197.7147216796875,197.7147216796875,198.72040592677945,196.5217175145657,196.8076395322476,3572900,2024-09-03
196.0089874267578,196.0089874267578,199.45984982848043,194.9737256973278,198.0203406070099,3275400,2024-09-04
194.41172790527344,194.41172790527344,196.48225143890292,193.40605880111437,195.71320327945577,3573100,2024-09-05
190.29043579101562,190.29043579101562,194.9244485759765,189.9059116779875,194.6089489408455,5336900,2024-09-06
192.55813598632812,192.55813598632812,193.26802892437243,190.55663688295976,190.55663688295976,3839600,2024-09-09
193.74130249023438,193.74130249023438,194.135680803176,191.81868188664953,192.9624000565758,3024500,2024-09-10
195.7526397705078,195.7526397705078,196.0681544304254,191.68063212234466,193.79058751570074,4037500,2024-09-11
199.56832885742188,199.56832885742188,199.7852414366816,196.34423283348696,196.59072303313957,3733500,2024-09-12
199.982421875,199.982421875,200.39652358702733,197.90204407878372,199.16407264245768,1935400,2024-09-13
202.96002197265625,202.96002197265625,203.41355548279344,200.79089633437653,202.07264829029634,2867600,2024-09-16
199.854248046875,199.854248046875,202.60508706110596,198.9471659303123,202.27971819681156,3619500,2024-09-17
193.91876220703125,193.91876220703125,203.20652614797837,192.72575806839154,199.90355146233946,7300300,2024-09-18
196.8372039794922,196.8372039794922,198.62179053395286,194.23426819530732,196.2850683653571,6172700,2024-09-19
196.64002990722656,196.64002990722656,196.87665087737926,194.6878316806253,195.33855439311353,12281900,2024-09-20
199.6176300048828,199.6176300048828,200.0317317351556,195.90055357980637,196.30480111813262,4545600,2024-09-23
198.6119384765625,198.6119384765625,200.86978200388995,198.0598028564947,198.1781133337757,4411300,2024-09-24
200.4556884765625,200.4556884765625,201.02754754772414,198.8781602183005,199.46972767343578,2666800,2024-09-25
200.3965301513672,200.3965301513672,205.23760123091074,198.98661344598744,199.64720536856757,2629200,2024-09-26
202.2994384765625,202.2994384765625,202.83186575655984,199.96271609370896,200.39654127161242,3158000,2024-09-27
203.46286010742188,203.46286010742188,204.55727713705522,201.8360308946599,203.42342829719894,3243600,2024-09-30
203.20651245117188,203.20651245117188,203.45300263364805,199.92326141524143,202.4177408583348,3702000,2024-10-01
205.15872192382812,205.15872192382812,205.43478974002997,202.5064850053617,202.97974196962664,2245100,2024-10-02
205.10940551757812,205.10940551757812,206.32213297969935,204.52769230875057,204.54741573545033,2902100,2024-10-03
205.3559112548828,205.3559112548828,205.79959059956204,203.28538758695615,204.30094103729294,2654800,2024-10-04
205.40521240234375,205.40521240234375,207.13064377826052,204.49813028435275,204.78405229275205,2651400,2024-10-07
208.20533752441406,208.20533752441406,209.2603227875873,205.7700131776725,205.7700131776725,3310400,2024-10-08
209.11241149902344,209.11241149902344,210.47304214595695,207.55459171134072,208.20532941592347,2243600,2024-10-09
208.48141479492188,208.48141479492188,212.15904448364068,207.97858018694208,210.46320569460053,2601700,2024-10-10
210.049072265625,210.049072265625,210.8378438771867,209.1912912245065,209.67441740967274,1778500,2024-10-11
212.8787841796875,212.8787841796875,213.21400721617528,210.72938197162833,210.99559558040005,2655700,2024-10-14
213.9830780029297,213.9830780029297,215.2648300924702,212.61259304927293,212.87880668618996,3382500,2024-10-15
216.67474365234375,216.67474365234375,217.5916950350095,213.05626926056328,213.2238807940467,2730100,2024-10-16
218.833984375,218.833984375,219.60303255264415,216.81276183854877,217.57195582478565,3177700,2024-10-17
220.0762939453125,220.0762939453125,220.31291488422957,217.8085813317708,218.39029453269697,3334300,2024-10-18
219.64248657226562,219.64248657226562,220.76648125660833,218.18325378976857,219.61290895251193,4614400,2024-10-21
215.93527221679688,215.93527221679688,218.01565013379485,215.63949600858186,215.87611697515388,6066900,2024-10-22
217.84803771972656,217.84803771972656,218.7058338537844,213.6872819025614,214.4760535586029,5245700,2024-10-23
230.28099060058594,230.28099060058594,231.10919402074478,217.89732597493315,220.263625759549,6920400,2024-10-24
223.1820831298828,223.1820831298828,231.26695853027493,222.07781186872708,230.2711435568804,6478100,2024-10-25
224.61172485351562,224.61172485351562,225.3511954449975,223.300395199273,225.3314720167457,2732300,2024-10-28
222.87643432617188,222.87643432617188,225.54837957902777,222.61022070667838,224.52298700124769,3150700,2024-10-29
219.64248657226562,219.64248657226562,222.56092204812467,219.3664187581862,222.2750000423165,4218000,2024-10-30
220.02700805664062,220.02700805664062,222.6890991147824,219.49458081827186,220.204473773052,4152400,2024-10-31
220.1453094482422,220.1453094482422,221.42706139950303,219.47486337671398,219.8692416488404,2922100,2024-11-01
221.10169982910156,221.10169982910156,221.84117039709187,220.16504011856063,221.22987954181474,2453900,2024-11-04
223.9215545654297,223.9215545654297,224.11874371358863,221.79187565835073,222.91587035188113,2864800,2024-11-05
228.93023681640625,228.93023681640625,229.67956159611128,226.02165551287152,227.26396068451692,4115900,2024-11-06
228.2400665283203,228.2400665283203,230.02465313416292,226.77097954911002,228.79220215835255,2561700,2024-11-07
232.00643920898438,232.00643920898438,233.41637101121322,229.89648364630963,230.3993182507666,3452000,2024-11-08
234.97418212890625,234.97418212890625,235.77280795975415,231.55289699227154,232.57828959179494,3383000,2024-11-11
235.64462280273438,235.64462280273438,235.77280251642838,232.94308489096005,234.6192302268844,4226700,2024-11-12
237.49822998046875,237.49822998046875,237.70527331275505,235.1516385841101,235.900963337139,3820300,2024-11-13
234.41217041015625,234.41217041015625,239.03632877616664,234.19525783964983,237.62639706787485,3925000,2024-11-14
232.30221557617188,232.30221557617188,235.82208767090603,231.75007995696396,234.77697167103855,3939900,2024-11-15
233.7022705078125,233.7022705078125,235.64461434847615,231.26694630240306,233.59381422578576,2442400,2024-11-18
229.92605590820312,229.92605590820312,233.70228758341645,229.56125522589824,233.70228758341645,3830100,2024-11-19
232.1641845703125,232.1641845703125,232.32194190478955,229.92604940169264,229.92604940169264,2603100,2024-11-20
233.2585906982422,233.2585906982422,233.99806124380677,230.65565497963752,232.36136282559445,2490100,2024-11-21
234.93472290039062,234.93472290039062,236.32493114843174,232.96280142897922,233.12055875738818,2540800,2024-11-22
236.57142639160156,236.57142639160156,237.43907667183927,235.16149468621524,235.9798439197,5513100,2024-11-25
241.48150634765625,241.48150634765625,241.72799653644546,238.0799447512787,238.4151677973359,3251100,2024-11-26
243.6188507080078,243.6188507080078,245.54840400331008,241.35286557635888,242.56996610127,3346600,2024-11-27
244.3511199951172,244.3511199951172,244.8854520715401,241.8773296251963,243.23296191629115,1806000,2024-11-29
242.2533416748047,242.2533416748047,245.22189000942652,240.95706288567968,244.35111099964914,3263900,2024-12-02
242.28302001953125,242.28302001953125,243.56937885399188,241.1351777345253,242.401757118388,2668800,2024-12-03
240.53158569335938,240.53158569335938,242.4314548748058,239.63112238010805,241.89712280141885,2682900,2024-12-04
241.382568359375,241.382568359375,242.4809318730488,239.49258891803055,240.45242077677332,2676200,2024-12-05
241.2242431640625,241.2242431640625,242.98558068362487,241.01645323020497,241.59035930388066,2177100,2024-12-06
226.46066284179688,226.46066284179688,241.28361028905098,225.69873119158507,240.44253063514518,6267400,2024-12-09
231.05201721191406,231.05201721191406,233.14978658367244,228.19231618956084,232.37796520731536,5352700,2024-12-10
231.88320922851562,231.88320922851562,234.33722013326343,230.58694549754654,230.7452717040757,3439400,2024-12-11
230.82443237304688,230.82443237304688,231.48740636972562,227.60850494357683,228.70686845421008,4067600,2024-12-12
229.5083770751953,229.5083770751953,230.35936156380384,228.3110558963275,230.35936156380384,2895400,2024-12-13
227.06427001953125,227.06427001953125,230.8838029266734,225.97579622520914,230.64631361732546,4489700,2024-12-16
218.39610290527344,218.39610290527344,227.29184289267388,216.62486064852843,226.9158370456044,7729800,2024-12-17
218.37632751464844,218.37632751464844,220.86000768330626,217.02069518380083,217.09984319099925,5197100,2024-12-18
215.7145233154297,215.7145233154297,219.4252089229199,215.50671827793016,217.75292419333337,4957700,2024-12-19
218.00030517578125,218.00030517578125,219.14814755763962,215.70463551088304,215.7145252370165,9116100,2024-12-20
219.33615112304688,219.33615112304688,220.07828822773197,215.60567104916075,217.584703328321,3081600,2024-12-23
220.67198181152344,220.67198181152344,221.3547503418605,218.87107034633212,219.47467577617033,1411800,2024-12-24
221.3349609375,221.3349609375,222.3145873427771,218.217991164337,218.68306495381842,1902600,2024-12-26
220.681884765625,220.681884765625,221.71097486575343,218.9403267670451,219.7715317658298,2150000,2024-12-27
218.34661865234375,218.34661865234375,220.6818771710411,216.92171310211256,220.43449815464865,2160900,2024-12-30
218.41587829589844,218.41587829589844,219.3460258191805,217.5747986941773,217.85186198636978,2119900,2024-12-31
217.22848510742188,217.22848510742188,220.187143911934,216.35770604012603,219.8506969366851,2850500,2025-01-02
216.81288146972656,216.81288146972656,219.02940305307766,216.575392161176,218.8314877465432,2737900,2025-01-03
210.1534423828125,210.1534423828125,212.74596983475848,206.2052675535604,211.21221679990708,5639700,2025-01-06
210.11386108398438,210.11386108398438,213.17146244259246,209.1639340108336,209.1639340108336,5039300,2025-01-07
213.26052856445312,213.26052856445312,213.49800278131707,209.975327642196,211.98404425353547,3270000,2025-01-08
209.08477783203125,209.08477783203125,211.21223164033313,207.63018779793532,210.40083620091897,4175400,2025-01-10
211.2221221923828,211.2221221923828,213.1516756484009,208.5009528034599,209.11444797952257,3645000,2025-01-13
211.93455505371094,211.93455505371094,212.3897391117884,209.12433290034602,211.19241796469302,3537400,2025-01-14
211.95433044433594,211.95433044433594,215.27910490654895,211.6376931663623,213.8739939568802,3116000,2025-01-15
213.48809814453125,213.48809814453125,214.46772451713025,211.15283954928725,211.15283954928725,2411200,2025-01-16
216.67434692382812,216.67434692382812,217.19878926174832,215.3582886667849,216.91183622921037,4259900,2025-01-17
217.18890380859375,217.18890380859375,217.9706149186091,215.8431612492567,215.95200862901257,3700400,2025-01-21
215.8926239013672,215.8926239013672,218.54453500455742,215.7936813467847,216.89204486473122,4124000,2025-01-22
213.77505493164062,213.77505493164062,217.10973450779866,213.11208094616802,216.36759742123442,3628400,2025-01-23
216.27853393554688,216.27853393554688,216.30821820964107,213.47820165506386,214.5765650930002,3118500,2025-01-24
219.10855102539062,219.10855102539062,220.98864074546978,214.51719675247074,214.51719675247074,4153100,2025-01-27
218.8215789794922,218.8215789794922,221.8099216820727,216.50611504317718,217.90133629921957,3975500,2025-01-28
232.68470764160156,232.68470764160156,238.86918334012188,230.78483851887424,235.5048345996539,8859500,2025-01-29
231.9128875732422,231.9128875732422,238.3150580598926,231.51708716586077,236.7021570559365,4205200,2025-01-30
230.52757263183594,230.52757263183594,233.01125266767016,228.57822465951818,232.0415310937533,3337900,2025-01-31
235.6038055419922,235.6038055419922,235.85118458388894,230.1614666202637,233.46644699628783,3720000,2025-02-03
234.7626953125,234.7626953125,238.3150544966737,232.9221947579414,233.8325477603615,3285900,2025-02-04
239.88839721679688,239.88839721679688,240.15557080966568,235.1486214184024,235.3564264570378,3130700,2025-02-05
244.57870483398438,244.57870483398438,245.0042046296095,240.86801927375492,241.0560297579508,3272200,2025-02-06
243.65846252441406,243.65846252441406,247.87379589325167,243.51993086718892,244.90524743944027,3434400,2025-02-07
253.1479034423828,253.1479034423828,253.79109796100104,248.61591793249167,252.2573299009462,4887600,2025-02-10
255.98780822753906,255.98780822753906,256.7398198735619,250.69389144431557,252.44532394070868,2598200,2025-02-11
252.60366821289062,252.60366821289062,256.86848017816584,252.48493111278822,253.70204678410747,3220000,2025-02-12
262.3009338378906,262.3009338378906,263.2113020039624,252.3266241015429,252.37610292995396,3859900,2025-02-13
267.9807434082031,267.9807434082031,268.5645542528973,261.6280370921028,263.89403729771027,4835300,2025-02-14
260.4505310058594,260.4505310058594,267.91149104942514,259.7974467391417,267.16935395510535,3879300,2025-02-18
260.5890808105469,260.5890808105469,261.4796392946343,257.1059646805892,259.9459013607968,3787700,2025-02-19
262.6175842285156,262.6175842285156,262.9639209258946,259.4115615162189,260.2427514713463,2794700,2025-02-20
262.3899841308594,262.3899841308594,264.8538694308528,260.7374790412484,262.65714259307435,3554300,2025-02-21
265.3189697265625,265.3189697265625,270.53370895796195,264.76484309921835,265.16064351908756,4141300,2025-02-24
267.7037048339844,267.7037048339844,269.8410633190073,265.4673886954849,266.4074411070584,3516500,2025-02-25
260.8166809082031,260.8166809082031,264.6955979103366,259.2136694085554,263.37955457965035,4473400,2025-02-26
261.4004821777344,261.4004821777344,263.4982514841619,259.3917656968474,260.47033462524143,3562000,2025-02-27
267.7545166015625,267.7545166015625,268.0523514703585,261.99615361538275,264.3590476044764,4721100,2025-02-28
270.8719787597656,270.8719787597656,274.5057158231986,267.35740594803144,267.35740594803144,4025400,2025-03-03
262.750732421875,262.750732421875,272.97683262013715,262.55218590161576,271.159948653425,4694600,2025-03-04
260.8544006347656,260.8544006347656,261.6486775041085,255.63217034969705,259.13683560828036,5161000,2025-03-05
261.06292724609375,261.06292724609375,262.07559621474314,257.4688810584338,259.60347562442985,3276500,2025-03-06
263.33648681640625,263.33648681640625,264.69665011907034,259.4545434227674,260.54665529669876,3289600,2025-03-07
264.7165222167969,264.7165222167969,269.6409180618571,261.4600625017231,262.09545375661764,5173500,2025-03-10
254.8280029296875,254.8280029296875,258.05467907491106,250.70777660852437,256.94269138329963,5171100,2025-03-11
253.7755889892578,253.7755889892578,255.11589148498385,246.4783309651569,252.6834771933778,3983000,2025-03-12
257.24053955078125,257.24053955078125,261.39053393868835,254.4209248341789,254.8875530269814,4196600,2025-03-13
254.14292907714844,254.14292907714844,255.61230346380478,250.67798511504773,251.6708085126528,3511100,2025-03-14
258.3028869628906,258.3028869628906,259.8913802234046,251.1148246752274,252.46506515566108,4329700,2025-03-17
258.8588562011719,258.8588562011719,260.09988545218675,255.96973646898135,259.52403091251904,3088900,2025-03-18
257.38946533203125,257.38946533203125,260.6062034385184,256.90299156368525,260.4076569385202,2926800,2025-03-19
255.1853790283203,255.1853790283203,257.14124219829625,254.5698334121409,256.47603723653117,3729100,2025-03-20
254.00393676757812,254.00393676757812,256.5852836850495,252.50477887700657,252.6139900577292,9207000,2025-03-21
257.1015319824219,257.1015319824219,258.9581068406735,255.75130673953518,256.95261453630417,2896900,2025-03-24
256.89306640625,256.89306640625,259.23611519325186,254.57980111065694,255.27475934305053,2987900,2025-03-25
260.6260986328125,260.6260986328125,263.04859032189523,258.58088470985103,258.6602972560286,4683500,2025-03-26
266.35467529296875,266.35467529296875,266.8113655986656,261.0331561175308,261.0331561175308,4228500,2025-03-27
263.0286865234375,263.0286865234375,268.88633831066926,262.3833573966226,268.3998645579043,3322700,2025-03-28
264.7958984375,264.7958984375,266.1759373916698,262.701055781592,262.8102518031699,4073200,2025-03-31
266.6128234863281,266.6128234863281,266.7716788775761,260.74523313468063,264.04141433129803,3025400,2025-04-01
262.6613464355469,262.6613464355469,266.58301083798887,260.5367201944322,266.57307290882034,2969500,2025-04-02
265.9674987792969,265.9674987792969,270.6436889248048,263.0386573698768,263.2968011723333,5652100,2025-04-03
246.32940673828125,246.32940673828125,267.71481544517354,245.5947119913313,265.98731247830557,7948500,2025-04-04
244.89974975585938,244.89974975585938,255.10598839088652,241.06745077118467,241.41494502585803,8149000,2025-04-07
244.53240966796875,244.53240966796875,251.97858526596244,242.10991811620286,250.49927292675247,6018000,2025-04-08
253.0706787109375,253.0706787109375,253.72594579105188,236.93729845388347,241.25608630548493,8590400,2025-04-09
254.28192138671875,254.28192138671875,258.3624412682563,249.62557727128365,254.29185931614356,5406600,2025-04-10
256.81365966796875,256.81365966796875,258.25323551669396,253.79546784318887,255.78111477817632,3987300,2025-04-11
260.7551574707031,260.7551574707031,263.2669995103836,256.6646995310982,257.6376773898037,3845400,2025-04-14
264.7958984375,264.7958984375,266.03692758395636,261.2912333398498,262.57198390259043,3130500,2025-04-15
257.77667236328125,257.77667236328125,265.3518891677881,257.10152944992336,264.3193746858328,3362700,2025-04-16
260.1594543457031,260.1594543457031,263.4953264536534,257.2306131723414,257.8560967672236,3489600,2025-04-17
251.66087341308594,251.66087341308594,259.8615893157799,249.0696037102263,258.52130195279386,3656300,2025-04-21
256.4462585449219,256.4462585449219,257.458957750473,251.1843069224929,251.3233015851744,4762500,2025-04-22
257.4887390136719,257.4887390136719,260.72532249559123,250.85667123192943,252.17712809063278,4562300,2025-04-23
260.2984313964844,260.2984313964844,261.89689282362696,256.2179417711863,257.88587780932716,5047200,2025-04-24
231.09950256347656,231.09950256347656,242.0602660205371,228.98478391485048,241.40499895345823,13561400,2025-04-25
235.07080078125,235.07080078125,235.6168566813887,229.87832348908364,230.0272560887303,5825900,2025-04-28
239.856201171875,239.856201171875,240.17391193100318,233.7304826219611,235.0112332894327,3900800,2025-04-29
245.177734375,245.177734375,245.77343447173646,239.98527226074572,242.97366522607103,4440500,2025-04-30
245.22738647460938,245.22738647460938,245.32667487702494,240.6603926505916,243.5098061876594,3603400,2025-05-01
247.09390258789062,247.09390258789062,248.42428236162448,244.46291138239593,245.95214654235326,2801100,2025-05-02
246.51805114746094,246.51805114746094,247.58036429877407,244.7309660128453,247.01446284322736,2311500,2025-05-05
251.97857666015625,251.97857666015625,252.33599368262443,245.4160135179506,245.73370912165424,2903200,2025-05-06
249.45680236816406,249.45680236816406,251.89915460115685,248.48383967664532,250.8964084195404,4042100,2025-05-07
245.7138671875,245.7138671875,250.8269016059026,245.66422298795302,250.3701961790661,3520700,2025-05-08
242.06027221679688,242.06027221679688,246.37906009303506,241.9212775459145,245.71387022886356,3278300,2025-05-09
238.59532165527344,238.59532165527344,238.60524443531932,234.30631738737438,237.10608658713335,5373100,2025-05-12
235.63670349121094,235.63670349121094,238.55560672807968,234.20703536300726,237.54292261238822,4712800,2025-05-13
233.60140991210938,233.60140991210938,233.85955369031527,230.57331067719724,232.16181901941164,4168900,2025-05-14
238.4364776611328,238.4364776611328,240.7001138608228,234.7233125935724,235.41828596202402,5215000,2025-05-15
240.91851806640625,240.91851806640625,241.57378511410315,236.927363952313,238.7938767005592,4402200,2025-05-16
242.4971160888672,242.4971160888672,244.25441775329605,241.16673636519013,241.25608683559764,4238000,2025-05-19
239.47894287109375,239.47894287109375,243.86722055248705,237.40393041792092,243.3608709147181,4787700,2025-05-20
239.03216552734375,239.03216552734375,241.48444063164098,237.29472451049335,239.47894819396058,4110000,2025-05-21
239.09173583984375,239.09173583984375,240.32282714681324,237.7216347150859,239.79663196252156,3200600,2025-05-22
241.13694763183594,241.13694763183594,241.60357583286168,236.8678040635593,239.28035760780156,4174000,2025-05-23
241.61349487304688,241.61349487304688,244.12533677622469,240.48167684216548,242.04040164862525,3717400,2025-05-27
239.7767791748047,239.7767791748047,241.76242601865007,239.33001166479613,241.35537992911696,2468600,2025-05-28
237.5826416015625,237.5826416015625,240.0845608003224,235.04101613266226,240.0845608003224,3127400,2025-05-29
241.34934997558594,241.34934997558594,242.46542668745155,237.59258658983714,238.73855672026008,8313500,2025-05-30
242.20632934570312,242.20632934570312,242.51523813994032,238.06093632675805,238.7285965529323,2578800,2025-06-02
243.02346801757812,243.02346801757812,243.57152418511356,240.58206055769128,241.12017252553835,3630900,2025-06-03
241.11021423339844,241.11021423339844,244.33882523458794,241.10023962326744,243.62135274427953,3413900,2025-06-04
244.0398712158203,244.0398712158203,245.39509531576013,240.31301634488435,241.0404482263732,2855300,2025-06-05
244.9965057373047,244.9965057373047,246.6805726526393,243.6612156548635,246.01292761141872,2022500,2025-06-06
237.11428833007812,237.11428833007812,244.0598100796173,237.03456747494502,243.8007287043335,4538600,2025-06-09
236.14768981933594,236.14768981933594,236.93492374702714,233.8458052856836,236.16762383407698,3766900,2025-06-10
230.12890625,230.12890625,235.65941685224718,229.00287011511782,235.48004113274834,6709600,2025-06-11
227.8967742919922,227.8967742919922,231.67347185846506,226.72092589633357,231.67347185846506,5369000,2025-06-12
227.19923400878906,227.19923400878906,228.86336692449282,225.35572537005953,227.69747794301887,4379800,2025-06-13
230.17874145507812,230.17874145507812,230.79655907657144,227.0099020819901,227.45831858808035,3777800,2025-06-16
220.6522979736328,220.6522979736328,221.7185472747525,219.22732764245188,221.12064848092118,12423600,2025-06-17
220.21385192871094,220.21385192871094,222.21678700135422,219.78535425335082,221.44948711165205,5600300,2025-06-18
220.7419891357422,220.7419891357422,222.41608139753768,220.12415633943397,221.3299133082634,8936700,2025-06-20
226.1828155517578,226.1828155517578,226.83054179918733,221.70859468592482,222.21679803266622,7469000,2025-06-23
229.01284790039062,229.01284790039062,229.53101064124334,225.79418115618066,226.79066901886404,5128400,2025-06-24
230.0890350341797,230.0890350341797,230.4776646816467,227.9565516753508,228.61423729574042,5428600,2025-06-25
230.6072235107422,230.6072235107422,230.7865992359587,228.19572466424168,230.18870042550145,4342400,2025-06-26
234.42376708984375,234.42376708984375,235.5099351988446,229.6107289419726,229.9096783384934,6496300,2025-06-27
237.42318725585938,237.42318725585938,237.78192348642395,233.40734247756012,233.66643904725538,5118400,2025-06-30
240.66177368164062,240.66177368164062,242.42556142261742,237.24382767591047,237.57267048898734,4536400,2025-07-01
236.58615112304688,236.58615112304688,240.15357956527941,235.96833350186193,239.1570916832658,3414400,2025-07-02
239.90444946289062,239.90444946289062,240.50234825391155,235.7690309747891,236.1377266129732,1998800,2025-07-03
236.79541015625,236.79541015625,239.42613744421323,235.7690288980233,239.12718805133605,2958400,2025-07-07
235.1412353515625,235.1412353515625,235.95834746855266,232.789523455653,235.38039790553893,3020800,2025-07-08
231.4940948486328,231.4940948486328,234.37394418723488,230.5872872368949,234.10488820464488,3938100,2025-07-09
227.34869384765625,227.34869384765625,230.686934182484,226.2226729317859,230.686934182484,5528200,2025-07-10
226.96006774902344,226.96006774902344,228.30533243160713,225.30590947027943,227.5779005569379,3093700,2025-07-11
227.34869384765625,227.34869384765625,228.8334661981231,226.68104882173023,226.89031795771191,3118000,2025-07-14
225.2261962890625,225.2261962890625,226.2824710155684,224.488789779427,225.87390733299208,3429800,2025-07-15
227.93663024902344,227.93663024902344,228.5644072383706,225.67459863194762,225.70449205024045,5793100,2025-07-16
226.23263549804688,226.23263549804688,228.4846925664594,225.14646739017522,226.8106002760001,3509300,2025-07-17
226.41201782226562,226.41201782226562,227.98645529151514,225.44542336260335,227.90674964171885,3773600,2025-07-18
231.80299377441406,231.80299377441406,233.14825842481957,228.80357088483134,229.02279942349296,4431100,2025-07-21
232.4307861328125,232.4307861328125,237.32354502284068,231.96243563672928,232.81941577794564,4004400,2025-07-22
233.1083984375,233.1083984375,234.12482031497305,229.9096809129438,232.35107313567192,5621000,2025-07-23
246.6307373046875,246.6307373046875,250.8658105715357,242.64478599471278,243.1430299084596,8623200,2025-07-24
242.6946258544922,242.6946258544922,249.03228937008487,242.24620935019803,247.38807524740852,5205200,2025-07-25
237.3534393310547,237.3534393310547,242.10669055103793,236.44663175394552,241.72802030890497,3702900,2025-07-28
238.4097137451172,238.4097137451172,240.45251684123502,236.96480943012568,238.32999289395383,3563600,2025-07-29
240.73153686523438,240.73153686523438,241.93727865001364,237.75203271692223,238.48943920052133,4213000,2025-07-30
237.5726776123047,237.5726776123047,241.19989286427682,237.28368761402766,238.5392720661861,4079200,2025-07-31
236.36691284179688,236.36691284179688,241.1600169241273,236.07793805819676,239.59553892047578,3481400,2025-08-01
240.1635284423828,240.1635284423828,240.55215809112417,236.24733853623528,236.90502415878146,3755500,2025-08-04
238.09083557128906,238.09083557128906,240.64185724896922,235.99822020176754,240.08381127856552,3775600,2025-08-05
238.37982177734375,238.37982177734375,241.05040188417985,234.7326726417114,237.5029076144076,5160200,2025-08-06
242.0767822265625,242.0767822265625,242.32590418507428,237.67230782469812,238.76845052422897,4061800,2025-08-07
244.1195831298828,244.1195831298828,245.88337083772424,242.09671406139253,242.36577003161858,4261600,2025-08-08
247.9959259033203,247.9959259033203,248.13543359385335,244.6178327063012,244.87692927814672,3976100,2025-08-11
251.39395141601562,251.39395141601562,251.70286021402293,247.42793406463528,248.62371643329493,4620300,2025-08-12
249.95901489257812,249.95901489257812,253.13781364636515,249.57038522957208,251.61318841417236,3152600,2025-08-13
249.43087768554688,249.43087768554688,251.61318856574087,248.40449639018962,250.69642154489742,2951500,2025-08-14
253.73570251464844,253.73570251464844,255.29022110578262,249.42090836068368,250.2380204793988,3939400,2025-08-15
254.2837677001953,254.2837677001953,255.82834214695035,253.14777213511965,254.712265391558,3309200,2025-08-18
257.3131103515625,257.3131103515625,257.55225771957856,253.307224680106,254.25388515730026,3641900,2025-08-19
258.100341796875,258.100341796875,260.64137378841326,257.8213264001163,259.02706824928094,3875900,2025-08-20
257.2532958984375,257.2532958984375,258.5885859105394,256.10734100249283,257.1536410356609,3330400,2025-08-21
251.0651092529297,251.0651092529297,260.3324492431017,250.25795653212722,259.0469714094403,3984800,2025-08-22
250.85586547851562,250.85586547851562,252.5000644056031,249.00239740542867,252.21108960943076,4295700,2025-08-25
250.3177490234375,250.3177490234375,250.9455412449951,248.54400183748564,250.69641927837043,6515000,2025-08-26
250.47718811035156,250.47718811035156,251.38399570862418,248.69348153827062,248.90273547313475,3212400,2025-08-27
249.67999267578125,249.67999267578125,250.7661607804785,248.5041443140425,249.83943438065364,3595100,2025-08-28
251.99000549316406,251.99000549316406,253.14999389648438,248.86000061035156,249.02999877929688,3204900,2025-08-29
255.88999938964844,255.88999938964844,258.6600036621094,251.1999969482422,251.6999969482422,4055600,2025-09-02
252.66000366210938,252.66000366210938,254.41000366210938,251.32000732421875,253.30999755859375,3822900,2025-09-03
252.1199951171875,252.1199951171875,256.69000244140625,250.75,254.2100067138672,3349100,2025-09-04
252.75999450683594,252.75999450683594,255.74000549316406,251.61000061035156,252.8300018310547,3294200,2025-09-05
242.89999389648438,242.89999389648438,247.25,237.39999389648438,241.1300048828125,6313600,2025-09-08
242.72000122070312,242.72000122070312,243.72000122070312,240.83999633789062,242.52999877929688,3651800,2025-09-09
240.3800048828125,240.3800048828125,242.89999389648438,238.5,241.88999938964844,4942000,2025-09-10
241.38999938964844,241.38999938964844,242.33999633789062,239.52000427246094,240.24000549316406,4321900,2025-09-11
241.72000122070312,241.72000122070312,242.82000732421875,239.67999267578125,240.08999633789062,3085700,2025-09-12
239.74000549316406,239.74000549316406,244.24000549316406,238.4199981689453,241.38999938964844,3062500,2025-09-15
237.6199951171875,237.6199951171875,240.14999389648438,236.14999389648438,239.8800048828125,3639600,2025-09-16
239.4499969482422,239.4499969482422,240.82000732421875,238.3300018310547,238.89999389648438,3422300,2025-09-17
238.8300018310547,238.8300018310547,240.74000549316406,237.2100067138672,237.52999877929688,3545100,2025-09-18
238.1699981689453,238.1699981689453,239.7899932861328,236.44000244140625,238.8300018310547,7442100,2025-09-19
237.44000244140625,237.44000244140625,240.32000732421875,235.11000061035156,237.02999877929688,4686900,2025-09-22
239.49000549316406,239.49000549316406,240.77999877929688,234.75999450683594,236.60000610351562,4668000,2025-09-23
238.39999389648438,238.39999389648438,242.3699951171875,236.99000549316406,238.19000244140625,3683400,2025-09-24
237.94000244140625,237.94000244140625,242.30999755859375,237.24000549316406,240.1699981689453,3824400,2025-09-25
237.47000122070312,237.47000122070312,240.25999450683594,236.63999938964844,238.99000549316406,2543300,2025-09-26
237.9600067138672,237.9600067138672,239.82000732421875,237.07000732421875,237.4600067138672,3835800,2025-09-29
239.3800048828125,239.3800048828125,240.44000244140625,237.8000030517578,237.9600067138672,4382800,2025-09-30
233.25999450683594,233.25999450683594,240.9499969482422,231.55999755859375,239.39999389648438,5206700,2025-10-01
230.13999938964844,230.13999938964844,233.25999450683594,229.72000122070312,232.5399932861328,4325500,2025-10-02
230.27000427246094,230.27000427246094,230.82000732421875,227.11000061035156,230.02000427246094,3767100,2025-10-03
224.9600067138672,224.9600067138672,229.05999755859375,222.25999450683594,228.57000732421875,6171700,2025-10-06
227.67999267578125,227.67999267578125,228.9499969482422,223.5800018310547,225.0,3942400,2025-10-07
226.5800018310547,226.5800018310547,226.8800048828125,224.38999938964844,226.6999969482422,4059800,2025-10-08
226.2100067138672,226.2100067138672,228.07000732421875,225.0,226.3699951171875,3303700,2025-10-09
228.7899932861328,228.7899932861328,231.02000427246094,225.83999633789062,227.24000549316406,5106300,2025-10-10
225.05999755859375,225.05999755859375,229.97999572753906,224.05999755859375,228.8699951171875,4698300,2025-10-13
229.4199981689453,229.4199981689453,230.64999389648438,226.97999572753906,230.0,3894200,2025-10-14
226.64999389648438,226.64999389648438,229.52999877929688,226.3699951171875,229.17999267578125,3286600,2025-10-15
226.4499969482422,226.4499969482422,230.07000732421875,225.25,229.7899932861328,4217400,2025-10-16
229.3300018310547,229.3300018310547,229.9499969482422,226.67999267578125,227.14999389648438,3446600,2025-10-17
230.08999633789062,230.08999633789062,230.5399932861328,226.39999389648438,228.92999267578125,4561300,2025-10-20
229.0800018310547,229.0800018310547,230.50999450683594,227.63999938964844,230.08999633789062,3580500,2025-10-21
227.39999389648438,227.39999389648438,227.88999938964844,218.77000427246094,225.42999267578125,6674900,2025-10-22
219.99000549316406,219.99000549316406,225.92999267578125,215.82000732421875,225.75,9826400,2025-10-23
217.77000427246094,217.77000427246094,220.22000122070312,215.60000610351562,220.00999450683594,5881600,2025-10-24
