Price,Close,High,Low,Open,Volume,Date
79.68099975585938,79.68099975585938,82.60507742665062,79.45255651461949,82.40404625891401,2592400,2022-10-07
76.68383026123047,76.68383026123047,79.92772727490538,76.10815576766235,79.7815202451856,1893100,2022-10-10
74.16182708740234,74.16182708740234,75.96195421270615,73.33942991479366,74.16182708740234,3283100,2022-10-11
72.53529357910156,72.53529357910156,74.56387062446964,72.48046943350813,73.95164442689547,1761300,2022-10-12
76.57418060302734,76.57418060302734,78.08190048395922,69.59295540296827,70.25086611043966,3758000,2022-10-13
73.68666076660156,73.68666076660156,77.78036724098403,73.47649686182463,77.67985164425232,2242300,2022-10-14
74.76490783691406,74.76490783691406,76.30918646374337,73.89682626094738,75.72437229164342,1841000,2022-10-17
74.82887268066406,74.82887268066406,77.78949533838362,73.47649250372702,76.79348608452695,2130100,2022-10-18
74.6461181640625,74.6461181640625,75.00248907425424,73.42165872602997,74.22578342310646,1399100,2022-10-19
74.41768646240234,74.41768646240234,76.65642785806114,74.07958789216741,75.22180431271491,1893000,2022-10-20
76.88487243652344,76.88487243652344,77.29606756622867,73.89683729754348,74.0795891392934,1651600,2022-10-21
77.63414001464844,77.63414001464844,78.11843850667898,75.63297525475348,76.93967070095547,1566000,2022-10-24
79.20584869384766,79.20584869384766,79.52566786882126,77.40571465987962,77.6341579236515,1818900,2022-10-25
78.25553131103516,78.25553131103516,80.37548472128535,77.53364969238268,78.31949515210381,1862600,2022-10-26
76.6107177734375,76.6107177734375,79.56220735351829,76.43710566039798,79.03221739016082,2160900,2022-10-27
80.46685791015625,80.46685791015625,80.57651319321052,76.91228106669041,77.24123994431761,2383000,2022-10-28
78.5936279296875,78.5936279296875,79.98256000331214,78.1276016868936,79.98256000331214,2191900,2022-10-31
78.96826934814453,78.96826934814453,80.28410483835884,78.20983600467181,79.96428564880271,1189100,2022-11-01
76.19953918457031,76.19953918457031,80.43030617963603,76.09902358461636,79.42515715163205,1742300,2022-11-02
75.24006652832031,75.24006652832031,76.01677916643546,73.17494453887804,74.83801114332823,2561700,2022-11-03
80.34806060791016,80.34806060791016,81.61820452712787,78.3012110287552,78.87688551214839,4232000,2022-11-04
80.64047241210938,80.64047241210938,81.36235396490399,79.37032841852532,80.41202914748584,2287600,2022-11-07
81.01512908935547,81.01512908935547,82.96146334739674,79.67188147219267,82.04769021697696,1997300,2022-11-08
78.17327880859375,78.17327880859375,80.26581273309125,78.11844769084695,80.26581273309125,2388100,2022-11-09
85.19107055664062,85.19107055664062,85.26416710745444,82.07510088896863,82.81525488103362,3512300,2022-11-10
88.04203033447266,88.04203033447266,88.42581333516091,84.69762465892012,85.03571621934476,1867500,2022-11-11
85.98602294921875,85.98602294921875,88.2064912318502,85.87637467007328,87.27444600144614,1763300,2022-11-14
88.21565246582031,88.21565246582031,89.96095539346891,87.06429645275009,89.48579646749917,2262200,2022-11-15
84.42347717285156,84.42347717285156,87.10083203284273,83.9665907255598,86.75360084265319,2189400,2022-11-16
85.66622161865234,85.66622161865234,85.97690110271921,82.5593919203089,82.62335575358942,1183900,2022-11-17
86.19620513916016,86.19620513916016,86.98205044384308,84.96261303533188,86.85412278694442,1401600,2022-11-18
84.69690704345703,84.69690704345703,85.81908697317058,84.58652627379908,85.59832543385467,1421300,2022-11-21
86.62852478027344,86.62852478027344,86.66531837010956,84.44855195168645,85.12922283716507,1809800,2022-11-22
87.37358856201172,87.37358856201172,88.5785559994628,86.63773770974296,86.73891834229978,1267600,2022-11-23
85.46035766601562,85.46035766601562,87.31838832790663,85.44195736236719,87.17121396935782,1102500,2022-11-25
83.92425537109375,83.92425537109375,85.13841576206175,83.28958524654527,84.2094039372077,2129500,2022-11-28
83.03202056884766,83.03202056884766,84.69689697947847,82.4709376883204,84.08981334498506,1530000,2022-11-29
87.95307159423828,87.95307159423828,87.98066503397317,81.99264299339663,83.48275189802209,3385500,2022-11-30
87.35519409179688,87.35519409179688,89.22242516573868,87.06085235133797,88.43138042244404,2455100,2022-12-01
86.4261474609375,86.4261474609375,86.45374089376448,84.6049107177733,85.53392237202058,1203000,2022-12-02
86.22380828857422,86.22380828857422,87.22641438256588,84.89927405092807,86.09503422404835,1517500,2022-12-05
84.84407043457031,84.84407043457031,86.24219871449495,83.85986475834389,86.2237984115789,1982400,2022-12-06
84.5865249633789,84.5865249633789,85.14761491954323,83.89666095343846,84.1174154716747,1525600,2022-12-07
87.53914642333984,87.53914642333984,87.79669454365937,84.69690992996502,85.21200617060408,1843200,2022-12-08
86.9412612915039,86.9412612915039,88.28420278225552,86.38937146960671,86.99645518605551,1839200,2022-12-09
88.96485900878906,88.96485900878906,88.98325229361743,86.03983548493376,86.41695747401859,1681800,2022-12-12
90.38138580322266,90.38138580322266,93.5731577577073,89.03845136746794,92.47857127872068,2549100,2022-12-13
89.27760314941406,89.27760314941406,91.6139435516349,88.1922167738573,90.39058296387873,2246800,2022-12-14
86.22380828857422,86.22380828857422,87.95307204248199,86.10423437656024,87.21721423005398,2584000,2022-12-15
85.55233001708984,85.55233001708984,87.29998676197286,84.51293050698447,85.4787428447948,10620400,2022-12-16
84.3289794921875,84.3289794921875,86.25139722484512,83.28038672570884,85.94786238440327,2105000,2022-12-19
82.41575622558594,82.41575622558594,84.05303243066024,82.36976950000494,83.17920745036191,2063200,2022-12-20
84.53134155273438,84.53134155273438,84.96365747284098,82.70090426961698,82.70090426961698,2190500,2022-12-21
81.61550903320312,81.61550903320312,82.9400430706328,79.56431042803972,82.4801337618002,2367400,2022-12-22
81.72588348388672,81.72588348388672,81.7626770710311,79.65629157621433,81.0360195146626,1222200,2022-12-23
80.9992446899414,80.9992446899414,81.60632849195814,79.78508410356878,80.9992446899414,1663900,2022-12-27
79.84025573730469,79.84025573730469,81.36715093448383,79.2699656900172,80.3001650283775,1430400,2022-12-28
83.6483154296875,83.6483154296875,83.87827010635353,80.6313111946547,80.824472280935,1969400,2022-12-29
83.82307434082031,83.82307434082031,83.92425495770756,81.86386306571737,82.27777866741275,1566900,2022-12-30
83.24359130859375,83.24359130859375,85.26718961621393,83.17920428110564,84.80728027196756,2090900,2023-01-03
85.98466491699219,85.98466491699219,86.12263212351398,84.16342059663855,84.4117685860383,1966200,2023-01-04
85.00965118408203,85.00965118408203,86.60094078410317,84.614128822296,85.1200319656248,1971300,2023-01-05
87.7874984741211,87.7874984741211,88.33938828744877,85.1844098836949,85.84668046675199,1787200,2023-01-06
88.7441177368164,88.7441177368164,90.61134871118773,88.07264694906866,89.14883322232795,1679700,2023-01-09
89.6915283203125,89.6915283203125,90.03185676667268,87.88868441157005,89.21321864019421,1500200,2023-01-10
92.39578247070312,92.39578247070312,92.432576059573,89.43397225210347,90.21581671702455,1636500,2023-01-11
93.13165283203125,93.13165283203125,94.29981961188217,91.06206054687499,92.57056280664271,1650700,2023-01-12
93.46277618408203,93.46277618408203,93.55475664810514,91.74271273444546,92.07384801905634,968900,2023-01-13
94.3458023071289,94.3458023071289,95.49557566420012,93.03046130593304,93.03046130593304,2697900,2023-01-17
93.63754272460938,93.63754272460938,96.38779856274391,93.63754272460938,95.22882508212041,1485600,2023-01-18
91.90828704833984,91.90828704833984,93.51796984739921,91.75191954638393,92.76371875940352,1839200,2023-01-19
94.79650115966797,94.79650115966797,94.9252752002031,91.59553641256771,93.08563802951963,1656000,2023-01-20
100.82134246826172,100.82134246826172,101.2536584409754,96.34182224200097,97.27084122479032,2799300,2023-01-23
98.70574188232422,98.70574188232422,101.01448877095936,98.33782001857305,99.23923840948703,1729200,2023-01-24
100.64655303955078,100.64655303955078,100.93170158750839,97.04086568597825,97.3168140826703,1670700,2023-01-25
103.0380859375,103.0380859375,103.1760601436903,100.19584957121421,101.1708551310156,1652700,2023-01-26
102.24705505371094,102.24705505371094,103.04729287048829,101.55719099502143,102.11827397317494,1383500,2023-01-27
99.87390899658203,99.87390899658203,101.52038519409896,99.79112167031218,100.87650793949308,1557600,2023-01-30
100.87652587890625,100.87652587890625,100.95011306697491,99.17486250636634,99.38642391764861,1638400,2023-01-31
104.04988861083984,104.04988861083984,105.30084254101936,100.6465553822758,100.67414881905545,2762000,2023-02-01
104.28905487060547,104.28905487060547,106.28506703549175,102.84493960965347,103.8751392103154,2823600,2023-02-02
103.46121978759766,103.46121978759766,105.03410906422577,101.83313661198687,102.28384585065963,2339600,2023-02-03
100.51777648925781,100.51777648925781,103.11166468646209,100.361409009934,102.27463340128357,2032700,2023-02-06
113.11009979248047,113.11009979248047,113.77237033908536,104.38102282455506,105.475602239071,5743500,2023-02-07
110.11148071289062,110.11148071289062,112.71456896300191,109.83553935113186,111.68436963318963,2535900,2023-02-08
111.17848205566406,111.17848205566406,113.68958302455044,110.14828264775774,111.35324282606135,2770600,2023-02-09
110.01952362060547,110.01952362060547,110.98533613598956,108.20747952121758,110.40584581969499,2114300,2023-02-10
111.11409759521484,111.11409759521484,111.68438067650095,109.53200836778981,110.20347206368983,2048800,2023-02-13
112.00631713867188,112.00631713867188,112.63179411933704,109.64238342100464,109.90913167928268,1656300,2023-02-14
111.96952819824219,111.96952819824219,112.12589568568535,110.08389714443177,110.6541872380979,1590900,2023-02-15
109.65159606933594,109.65159606933594,111.40845330997867,109.50442871352115,110.18509264669282,1792000,2023-02-16
106.55178833007812,106.55178833007812,109.07209646682288,106.10107915955751,109.06289631544021,1804900,2023-02-17
103.47039794921875,103.47039794921875,106.65296963535107,103.24044328677284,104.94210638534072,2536000,2023-02-21
102.24705505371094,102.24705505371094,104.21546660642552,101.32723630879158,104.07749239115559,2349900,2023-02-22
103.99468231201172,103.99468231201172,105.02488160738156,101.88829700467912,104.30742426607304,1930100,2023-02-23
103.13006591796875,103.13006591796875,103.31402683440066,101.91590562360442,102.31142790982624,1890200,2023-02-24
102.96359252929688,102.96359252929688,104.81345945009393,102.83410240937567,104.40648646938025,1178600,2023-02-27
103.19481658935547,103.19481658935547,104.31398512872077,102.2051381582353,102.5843642300115,1220000,2023-02-28
103.44454193115234,103.44454193115234,104.20299404856591,102.84334090216866,103.31505182736989,1618800,2023-03-01
103.39830017089844,103.39830017089844,103.97176138901143,100.97497225050266,101.9461550918737,1029600,2023-03-02
105.22966003417969,105.22966003417969,105.4516491103614,102.60285280949337,103.31504835636979,1358100,2023-03-03
104.30473327636719,104.30473327636719,106.598571144326,103.91626295365306,105.84937737099423,1588300,2023-03-06
103.62953186035156,103.62953186035156,104.95218681371286,103.3335534749614,104.48972014549815,1517900,2023-03-07
106.10836029052734,106.10836029052734,106.57082698840678,103.8792674195412,103.9810106576092,1764400,2023-03-08
104.85969543457031,104.85969543457031,107.57899465921517,104.19374229982256,106.01586211109591,2045800,2023-03-09
102.93583679199219,102.93583679199219,105.80312886102327,102.18664301171174,105.69213431492622,1996800,2023-03-10
102.9173355102539,102.9173355102539,104.02725981560505,100.44776504512141,101.43744349313417,1805400,2023-03-13
104.7302017211914,104.7302017211914,105.7476269501261,103.02832076253677,104.91518556038639,2053500,2023-03-14
103.31504821777344,103.31504821777344,103.92550759143245,101.68717066804506,102.70459590079558,1871700,2023-03-15
107.04254150390625,107.04254150390625,107.38476233289592,103.18556400634552,104.3602333323781,1785900,2023-03-16
105.50714111328125,105.50714111328125,107.8934707178211,104.65620417197715,107.48649780820564,2488300,2023-03-17
106.4875717163086,106.4875717163086,107.09803110116549,105.31290949243721,105.74762928649932,1327000,2023-03-20
108.00446319580078,108.00446319580078,108.91090097552629,106.31184054371758,107.29226762769468,1458500,2023-03-21
105.73837280273438,105.73837280273438,109.20687261964092,105.60888270743767,107.50499876335229,1888100,2023-03-22
107.625244140625,107.625244140625,109.10513607512702,105.95111705128346,107.25526939282915,1570700,2023-03-23
106.31183624267578,106.31183624267578,106.91303724505973,104.89668941632156,106.3950768528467,1702600,2023-03-24
104.61922454833984,104.61922454833984,107.11654207538201,104.23999844136078,106.80206808521798,1205300,2023-03-27
104.79495239257812,104.79495239257812,104.8596974454379,102.96358123690204,104.30473178471809,1246000,2023-03-28
107.73622131347656,107.73622131347656,108.67039875662475,105.90485048830286,106.36731708432164,1502900,2023-03-29
108.51319122314453,108.51319122314453,109.53061659885168,107.9674838791195,108.9479110703141,1129400,2023-03-30
109.12362670898438,109.12362670898438,109.21611862160489,107.56048727597936,107.75472240948663,1331800,2023-03-31
108.57791900634766,108.57791900634766,108.85540181770108,107.08877583589171,108.85540181770108,1068000,2023-04-03
105.4886474609375,105.4886474609375,108.8924023444219,104.82269434467386,108.81840598557456,1481400,2023-04-04
104.03651428222656,104.03651428222656,104.7024604176262,102.47337454285065,104.51747655612886,1664000,2023-04-05
102.99132537841797,102.99132537841797,103.94400558382087,102.30687668680407,102.96357850745382,1249600,2023-04-06
103.39830017089844,103.39830017089844,103.82376866562171,101.74266862555356,101.74266862555356,1701100,2023-04-10
102.1496353149414,102.1496353149414,103.96250372557662,101.862901195069,103.82376232004881,1291600,2023-04-11
99.7910385131836,99.7910385131836,102.77857573825469,99.4858088754183,102.77857573825469,1549600,2023-04-12
100.55877685546875,100.55877685546875,101.0952400089817,98.61641780851396,99.6153406811276,1857600,2023-04-13
101.8166732788086,101.8166732788086,102.35313635976165,100.61425700173201,100.65125518559243,2013100,2023-04-14
102.29762268066406,102.29762268066406,102.9820713542335,101.00271463525188,101.07671099365969,1313600,2023-04-17
102.51959991455078,102.51959991455078,103.01906472547148,101.24319454665178,102.63059444698231,1574000,2023-04-18
101.0582275390625,101.0582275390625,101.67793123743519,100.29978241622437,101.66867992735564,1738300,2023-04-19
100.3367691040039,100.3367691040039,102.33462139468806,99.66156467919585,100.86398081122289,1665400,2023-04-20
98.7088851928711,98.7088851928711,99.76330861477526,98.17242217283389,99.726310435116,1495900,2023-04-21
98.19092559814453,98.19092559814453,99.0048643872949,97.33073731986964,98.96786620733153,1536200,2023-04-24
94.05647277832031,94.05647277832031,97.52497277291845,93.96397379978599,97.47872328365128,1858200,2023-04-25
95.08316040039062,95.08316040039062,95.65661461658668,93.76974955326203,94.50969912751245,2188600,2023-04-26
96.10982513427734,96.10982513427734,96.74802432962764,92.99279729036303,94.95365847867309,2271000,2023-04-27
97.95045471191406,97.95045471191406,98.09844039586793,95.95259505342001,96.2763203527087,1622000,2023-04-28
97.64521026611328,97.64521026611328,98.28341651476356,97.1179985562182,97.87644359600904,1246900,2023-05-01
97.48798370361328,97.48798370361328,98.92162626801995,96.68328908925824,98.04294234327658,1642400,2023-05-02
97.32149505615234,97.32149505615234,99.71706921381428,97.17350232254383,97.72846801689384,2008700,2023-05-03
94.47270202636719,94.47270202636719,96.91452577003685,93.72350818994282,96.600051784218,2945000,2023-05-04
96.30406188964844,96.30406188964844,96.72027906992595,94.53743582325339,95.57336370433437,1638100,2023-05-05
97.33999633789062,97.33999633789062,97.59897658023776,95.68436458096299,96.46131236468678,2832600,2023-05-08
92.32684326171875,92.32684326171875,93.32577293596243,85.1586100673099,85.1678613763347,11583000,2023-05-09
91.16143035888672,91.16143035888672,93.68650155478113,90.55097800637213,92.47484110260773,2539500,2023-05-10
89.63529968261719,89.63529968261719,90.93020080451525,88.70111496752055,90.93020080451525,2926600,2023-05-11
89.84803771972656,89.84803771972656,90.23650808788301,88.87685474265298,90.20876121254076,1304700,2023-05-12
92.02161407470703,92.02161407470703,92.07711487247666,89.57053936420473,89.99601490148662,1856100,2023-05-15
89.19132232666016,89.19132232666016,92.35459265827517,89.1265772750779,91.58689629188468,1581300,2023-05-16
91.65164947509766,91.65164947509766,91.88288283079022,89.39481672208198,90.16251315658498,1970400,2023-05-17
94.4449462890625,94.4449462890625,94.83341660803656,91.83663448687996,92.17886237169894,1757800,2023-05-18
94.02873229980469,94.02873229980469,94.4726963775538,93.41827287204742,94.36170182977564,1117300,2023-05-19
94.8056640625,94.8056640625,95.25887940751343,93.09453885417159,93.15928390345923,1038900,2023-05-22
93.26102447509766,93.26102447509766,94.7316650055996,92.98354166795194,92.98354166795194,1655100,2023-05-23
91.3741683959961,91.3741683959961,92.60433147071547,90.57872513389798,91.87363326219828,1352700,2023-05-24
92.47483825683594,92.47483825683594,92.8355616941942,89.62604188161768,91.0596843217981,2358300,2023-05-25
97.77054595947266,97.77054595947266,98.40342553261164,92.89364750146053,92.89364750146053,2760600,2023-05-26
97.69609069824219,97.69609069824219,100.04146383092083,96.72815678771485,99.87393667139274,1829300,2023-05-30
96.33727264404297,96.33727264404297,97.41688670803055,95.41586961877279,95.87192016285351,2601900,2023-05-31
98.5523452758789,98.5523452758789,99.47374117591643,95.77884853818998,97.26797501822918,1768300,2023-06-01
97.83570861816406,97.83570861816406,99.51097329715104,96.69093838524822,99.23176606767757,1376300,2023-06-02
95.5089340209961,95.5089340209961,97.81707806674132,95.25763973573339,97.79846709410289,1731600,2023-06-05
96.39311218261719,96.39311218261719,97.4261952536963,94.81091659485178,95.024974758717,1065200,2023-06-06
97.73332977294922,97.73332977294922,99.77156880551033,96.81192675064558,97.12837012920758,1082700,2023-06-07
97.96600341796875,97.96600341796875,98.6733340558493,96.82123322393515,98.37550876076403,829900,2023-06-08
97.24935150146484,97.24935150146484,98.88739408820848,96.81191906914852,98.58956880886552,1091600,2023-06-09
99.69711303710938,99.69711303710938,99.87394214244844,97.29589265257371,97.70540508734523,1456300,2023-06-12
102.09832763671875,102.09832763671875,102.7032872593235,100.89772452969318,101.44683702819982,1640600,2023-06-13
102.27515411376953,102.27515411376953,102.76842654195924,100.91632590192344,102.10762695884526,1385900,2023-06-14
101.97734069824219,101.97734069824219,102.9452746946336,100.32999606734452,100.73950141529514,1999500,2023-06-15
101.68882751464844,101.68882751464844,103.37340124647287,101.36308219367623,103.37340124647287,3653000,2023-06-16
99.86463928222656,99.86463928222656,101.87495818738128,98.9246253387015,100.78603515122602,1868800,2023-06-20
97.03529357910156,97.03529357910156,99.34343772418063,97.01667550494743,99.34343772418063,1627000,2023-06-21
96.55132293701172,96.55132293701172,97.11905348583214,95.77884327776233,96.25349765736122,1275400,2023-06-22
94.95051574707031,94.95051574707031,95.37864627212433,94.49447231038351,94.93190477241004,1631600,2023-06-23
97.35173034667969,97.35173034667969,98.23590425508641,95.69507677395139,95.85329490152323,1272000,2023-06-26
100.62781524658203,100.62781524658203,100.77672433658596,96.71885044879315,97.30519907385461,1595400,2023-06-27
100.6557388305664,100.6557388305664,100.91633507286086,98.85947804536242,99.33413954423592,1534000,2023-06-28
102.2658462524414,102.2658462524414,102.36822435388915,100.37651654507503,101.17692328327672,1505800,2023-06-29
103.01972961425781,103.01972961425781,103.86666739700794,102.2472428283816,103.2058677575151,1638000,2023-06-30
103.95973205566406,103.95973205566406,104.62984070408892,102.40545661322649,103.39200151189937,970100,2023-07-03
99.86463928222656,99.86463928222656,102.97319026079936,99.85533024496377,102.61952495267707,1778900,2023-07-05
101.1583251953125,101.1583251953125,101.34446334853648,98.44066129352082,98.61749750958437,2005600,2023-07-06
100.83256530761719,100.83256530761719,102.2100116818821,100.40444190634003,101.493372034263,1748900,2023-07-07
104.45301055908203,104.45301055908203,104.73221775931823,101.11177638741954,101.29791452091034,1466200,2023-07-10
103.4850845336914,103.4850845336914,105.32787633818573,102.09832906080612,104.76945479442124,1191500,2023-07-11
105.0300521850586,105.0300521850586,105.39302654749342,103.54092568523423,105.14173933531363,1331600,2023-07-12
106.33305358886719,106.33305358886719,106.5378098391135,104.78807977389309,106.03522825234059,1829900,2023-07-13
104.00627899169922,104.00627899169922,105.96075798213843,103.4571664751647,105.5977836168018,1586800,2023-07-14
106.95661163330078,106.95661163330078,107.67325842444076,103.43854804251264,103.77360239408439,1369800,2023-07-17
107.06829833984375,107.06829833984375,107.66394894000771,105.64432090192942,106.38888060177675,957400,2023-07-18
106.56572723388672,106.56572723388672,107.60811943644973,106.1376037669544,107.4126722298534,1057700,2023-07-19
103.7549819946289,103.7549819946289,105.36509744275008,103.01041525861062,104.1272582619234,1884000,2023-07-20
105.15103912353516,105.15103912353516,106.49124930512956,103.89458187101313,105.04866101998574,1587300,2023-07-21
104.78805541992188,104.78805541992188,106.68669416178166,104.23894296798703,105.16964781591548,1280000,2023-07-24
105.05795288085938,105.05795288085938,105.79321050824025,104.8252766861457,105.33716715480136,1775400,2023-07-25
104.89974975585938,104.89974975585938,106.156199966634,103.54092143673054,103.90389578427177,1977400,2023-07-26
104.69499969482422,104.69499969482422,107.50573267009348,103.84806186766957,107.13344926334528,2340100,2023-07-27
106.24928283691406,106.24928283691406,106.85423538714561,105.55125410906344,106.62155914452873,1742000,2023-07-28
106.4447250366211,106.4447250366211,107.1613647059576,106.10967069490881,106.51917603422321,1102000,2023-07-31
106.02589416503906,106.02589416503906,106.5657046789379,105.11380739396877,105.47678171521106,1030700,2023-08-01
103.07557678222656,103.07557678222656,105.37441922445481,102.47061712363248,104.80668861723588,2765800,2023-08-02
101.52129364013672,101.52129364013672,102.5729876358379,99.70641479889429,102.36823141881122,1983200,2023-08-03
101.7260513305664,101.7260513305664,103.5223121231608,100.62781923301053,100.65573924469766,1774200,2023-08-04
102.53575134277344,102.53575134277344,103.20585996907383,101.44682837539253,102.59159846210811,1901800,2023-08-07
101.22347259521484,101.22347259521484,101.53059983291466,97.72401998654404,99.20383745228266,2323700,2023-08-08
99.79017639160156,99.79017639160156,101.5678189847922,99.67848925195821,100.98147747827238,1396600,2023-08-09
100.46028900146484,100.46028900146484,101.87495732266113,98.95254450986043,101.05593956835959,1437300,2023-08-10
99.80878448486328,99.80878448486328,100.86978742836237,98.88738868671182,99.3713520764407,1914400,2023-08-11
101.28861999511719,101.28861999511719,101.45614716780122,98.73848335529188,99.12007578779473,1350600,2023-08-14
98.18936920166016,98.18936920166016,100.66504770077509,97.87293293674684,100.25553526315547,1248800,2023-08-15
96.37449645996094,96.37449645996094,98.7850187732494,96.3000383628432,98.36620440321329,1299900,2023-08-16
96.6443862915039,96.6443862915039,97.41687300579547,96.00220478627536,97.30519297047626,1646000,2023-08-17
97.4448013305664,97.4448013305664,97.6774775582905,95.42517337809282,95.74161674016938,1374100,2023-08-18
99.6226577758789,99.6226577758789,100.13454123320098,97.193517310857,97.42619354619845,1713400,2023-08-21
97.97530364990234,97.97530364990234,100.8697965146045,97.43550019369525,100.8697965146045,1301400,2023-08-22
99.79948425292969,99.79948425292969,100.44166577134996,97.58440216407155,97.73331834850869,1101300,2023-08-23
97.00737762451172,97.00737762451172,100.94425548765683,96.64439617047731,100.84187737767292,1743300,2023-08-24
98.08699798583984,98.08699798583984,98.61749954426043,96.30935515351372,97.49134736237518,1267400,2023-08-25
99.48274230957031,99.48274230957031,99.65135741776257,98.37737818849385,98.88322351307065,955000,2023-08-28
100.96281433105469,100.96281433105469,101.20637109207922,98.71461511788021,98.71461511788021,1274200,2023-08-29
101.15015411376953,101.15015411376953,101.46864532424,99.5670461114867,100.70051147606311,1283000,2023-08-30
101.86209869384766,101.86209869384766,102.54592870535794,100.76610392377201,100.76610392377201,1784300,2023-08-31
102.74263000488281,102.74263000488281,103.03301990619931,101.98386560630604,102.73326051382587,933400,2023-09-01
102.2274169921875,102.2274169921875,103.09859385824473,101.79651330476953,102.5084445542038,1111800,2023-09-05
99.46400451660156,99.46400451660156,102.21804873651476,98.63029851681499,102.21804873651476,1777200,2023-09-06
92.15736389160156,92.15736389160156,95.67017263567276,91.27682469293055,95.54839783873625,3884000,2023-09-07
93.09412384033203,93.09412384033203,93.1690654842593,91.97002776873714,92.26978719761767,2062400,2023-09-08
92.0168685913086,92.0168685913086,94.57418966970663,91.17379295954001,94.55545783203557,1574300,2023-09-11
90.78034973144531,90.78034973144531,92.56016712792223,90.3588083900473,91.26745607065602,2168500,2023-09-12
90.52741241455078,90.52741241455078,91.67024720708368,89.74054677519646,90.71475933435129,1861400,2023-09-13
92.96298217773438,92.96298217773438,93.26274161513038,91.3049393530065,91.6702709439945,1775300,2023-09-14
91.99811553955078,91.99811553955078,93.44070981180853,91.67962432004286,92.62573563457697,2874700,2023-09-15
92.26978302001953,92.26978302001953,92.93487399939724,91.43607692285394,91.43607692285394,1330700,2023-09-18
91.63277435302734,91.63277435302734,92.3728068193639,91.37048581241726,92.26976387172041,1347400,2023-09-19
90.23704528808594,90.23704528808594,91.88571860897585,90.2183063032868,90.86466548911206,1230900,2023-09-20
90.19019317626953,90.19019317626953,91.40796974309877,89.70308683763447,89.85296296228074,1797500,2023-09-21
90.32133483886719,90.32133483886719,91.32365596051217,90.16208922767768,90.73350667660709,1116600,2023-09-22
91.57657623291016,91.57657623291016,92.12925466410215,89.69370890645165,89.73117972079422,1045000,2023-09-25
89.8623275756836,89.8623275756836,91.1644080519186,89.60940850233445,89.73118329367628,1339900,2023-09-26
90.20893096923828,90.20893096923828,90.81781209779724,88.67266319102363,90.73350811882544,1301100,2023-09-27
91.69835662841797,91.69835662841797,92.73814856283842,89.76865602611542,90.11524857303723,1088800,2023-09-28
92.35407257080078,92.35407257080078,94.34935234390514,92.10115350706364,92.58825980074621,2476500,2023-09-29
92.03559112548828,92.03559112548828,92.51333512633543,90.81781454194153,92.25104654448299,1110500,2023-10-02
90.89276123046875,90.89276123046875,92.50397077634418,90.1058954411779,91.40797607833412,1326100,2023-10-03
91.39861297607422,91.39861297607422,91.68900292144735,90.42439301634936,91.02391189205254,1429200,2023-10-04
90.63983917236328,90.63983917236328,91.72646434314223,89.75929278718716,91.46417575525862,1136400,2023-10-05
92.10115051269531,92.10115051269531,92.72877055330552,89.68433666299484,90.44310812319145,1462800,2023-10-06
92.00749206542969,92.00749206542969,92.4102944394359,90.54616584662945,91.27682895602958,907000,2023-10-09
92.08242797851562,92.08242797851562,93.05664063258891,89.25344204484,89.3939558217942,1814300,2023-10-10
91.6889877319336,91.6889877319336,92.56016457055962,90.24639344287397,91.9419139591498,1390200,2023-10-11
90.81781005859375,90.81781005859375,92.18546984815566,89.86232925089593,91.90444229757117,1272100,2023-10-12
88.616455078125,88.616455078125,90.99579842548034,88.28859435339308,90.94895811616387,1376300,2023-10-13
89.77803039550781,89.77803039550781,90.33071608136333,88.73824546864047,89.05673673245366,1549300,2023-10-16
89.60940551757812,89.60940551757812,90.08714232319463,88.09186968754805,88.5227733350518,1095600,2023-10-17
88.26049041748047,88.26049041748047,88.61645245854862,87.55792867946846,88.36353337746844,1482000,2023-10-18
87.66097259521484,87.66097259521484,89.45952894889642,87.3424742208265,89.1316682302817,1582700,2023-10-19
86.35889434814453,86.35889434814453,88.05440778554077,86.21838056592969,87.82959002209374,1144600,2023-10-20
84.73831939697266,84.73831939697266,86.47130373447631,84.65401541176465,85.97482787448735,1316700,2023-10-23
85.73126983642578,85.73126983642578,86.24648467220646,84.89756375440108,85.38467726219884,1167300,2023-10-24
82.96785736083984,82.96785736083984,84.80388451482217,82.50885235905115,84.71021104563658,1682100,2023-10-25
83.00533294677734,83.00533294677734,84.61654243791742,82.93039130839222,83.44560613875493,1494300,2023-10-26
82.64937591552734,82.64937591552734,83.88588443683564,82.23720402614843,83.70789982154412,1164500,2023-10-27
80.9819564819336,80.9819564819336,82.56506474099184,80.16698934246968,82.29340664556106,2213700,2023-10-30
81.25360870361328,81.25360870361328,81.63767923564633,80.0264697636765,80.95384930046735,1654100,2023-10-31
81.5533676147461,81.5533676147461,81.60957741594103,79.67986956967991,81.13183341333735,2139600,2023-11-01
83.83903503417969,83.83903503417969,84.62590075933048,81.18803366367034,83.28635655772774,3180200,2023-11-02
85.29100799560547,85.29100799560547,85.7500130512433,80.31686543914708,80.86955112178842,3278600,2023-11-03
84.30741119384766,84.30741119384766,86.03102594777786,83.2114165635663,85.45024613352336,2400200,2023-11-06
83.70789337158203,83.70789337158203,85.04744476201832,83.56737958859094,84.36361482976992,2462100,2023-11-07
82.34024047851562,82.34024047851562,84.54159925126044,82.17162536865108,84.01702208582756,2580600,2023-11-08
81.02880096435547,81.02880096435547,83.08028387691223,80.757142854948,82.62127165058817,2310000,2023-11-09
84.33551788330078,84.33551788330078,84.54160382281567,81.54400964849424,81.91870356016322,2439100,2023-11-10
83.28636169433594,83.28636169433594,83.98892348376225,82.40581529793663,83.45496966284328,1991200,2023-11-13
86.97714233398438,86.97714233398438,87.44551682920974,84.66337118407866,85.47834537862875,2340900,2023-11-14
88.09186553955078,88.09186553955078,88.68201476113823,87.13637767965477,87.30499276394073,1571200,2023-11-15
87.46424865722656,87.46424865722656,88.11060054792732,86.62117320541356,87.84831199554706,2099900,2023-11-16
88.24175262451172,88.24175262451172,88.26986109774609,87.24880097506093,88.09187650140012,1572200,2023-11-17
89.39289093017578,89.39289093017578,89.84580299160714,87.93037694603119,88.16626699496996,1640800,2023-11-20
88.39273834228516,88.39273834228516,88.88338658160734,88.03418798273412,88.51539860241706,1470200,2023-11-21
88.94942474365234,88.94942474365234,90.25154254189916,88.9022510487612,89.57217798608232,1410800,2023-11-22
89.54386901855469,89.54386901855469,89.72314057058246,88.77958032212307,89.01547038423791,807900,2023-11-24
89.26079559326172,89.26079559326172,89.94959772303628,88.37385387944491,88.87393964547627,1278500,2023-11-27
89.4306411743164,89.4306411743164,89.66653124164634,88.24175321931136,88.70410293440939,1781000,2023-11-28
90.58177947998047,90.58177947998047,92.55381684865522,90.32702139266198,90.75162060445716,2219000,2023-11-29
91.45928955078125,91.45928955078125,91.76122852378182,89.99676837602642,91.27058039220326,2559400,2023-11-30
92.64817810058594,92.64817810058594,92.98786034760569,90.4308058773201,91.26114345838748,1383000,2023-12-01
93.35584259033203,93.35584259033203,93.44075954754354,91.96880803220346,92.13864914541904,1686800,2023-12-04
93.45021057128906,93.45021057128906,93.56344039594131,91.66688222607937,92.63874815826529,1318600,2023-12-05
94.63909149169922,94.63909149169922,96.1582239984662,93.73326735947622,94.50699363883191,1774400,2023-12-06
96.50733184814453,96.50733184814453,97.04516085047413,94.67682283725765,95.65812626583656,1394700,2023-12-07
97.92266845703125,97.92266845703125,98.89453423235014,96.45071696810497,96.61112046137669,1734500,2023-12-08
100.6684341430664,100.6684341430664,101.30061771231404,98.55485423577812,98.62090315795635,1953400,2023-12-11
100.64955139160156,100.64955139160156,101.12133142872217,100.12116005363994,100.25325788813035,1364200,2023-12-12
102.81976318359375,102.81976318359375,103.451946833155,100.23441007429406,100.48916817826276,1892800,2023-12-13
107.0091781616211,107.0091781616211,107.36772848768476,103.67840422191856,103.7821964318727,3186800,2023-12-14
106.23544311523438,106.23544311523438,107.33941405827451,105.5277729409028,107.07521834499765,3771900,2023-12-15
104.98993682861328,104.98993682861328,105.89576092571718,104.33888520723539,105.7259198073593,1248900,2023-12-18
105.31077575683594,105.31077575683594,105.57497151436186,104.82012032246395,105.47117929550603,1724400,2023-12-19
103.38590240478516,103.38590240478516,105.69762227416975,103.33872150998391,104.7351939298512,2191400,2023-12-20
105.84859466552734,105.84859466552734,106.43360464267072,104.78237411886293,105.12205640252118,1129500,2023-12-21
106.47132873535156,106.47132873535156,107.08464430063303,105.62213032058503,106.14108410752091,814500,2023-12-22
108.04708099365234,108.04708099365234,108.6226532940914,106.37697540097076,106.85819312075277,1060700,2023-12-26
107.95272827148438,107.95272827148438,108.3867651090136,107.28279418006176,108.12256220031507,1140100,2023-12-27
107.4903793334961,107.4903793334961,108.38676586843343,107.45263606056044,108.11313253874476,1132500,2023-12-28
106.07504272460938,106.07504272460938,107.68852990570582,105.81084700355875,107.25449304986644,1150000,2023-12-29
102.95185089111328,102.95185089111328,104.77292231011032,101.73465740598951,104.73517903939414,2736000,2024-01-02
99.27196502685547,99.27196502685547,101.43271868882607,99.04551260079357,101.20626626276417,2713000,2024-01-03
97.394287109375,97.394287109375,98.3472849477182,96.47903254370604,97.1867027090633,1989600,2024-01-04
97.44145965576172,97.44145965576172,98.81906389640234,96.9225058598756,97.86606606926101,1432500,2024-01-05
100.08342742919922,100.08342742919922,100.20608766032852,97.73396461016992,97.7905759170307,1922000,2024-01-08
98.67753601074219,98.67753601074219,99.96077857005477,98.30011045821607,99.0077806696549,1359900,2024-01-09
98.44164276123047,98.44164276123047,98.64922716835588,96.62057118798502,98.40389948731736,1078000,2024-01-10
97.2716293334961,97.2716293334961,98.67753938475737,96.2808953228824,98.12083505601775,1851100,2024-01-11
96.69605255126953,96.69605255126953,97.96985738266754,96.21483483317053,97.46033401034973,999900,2024-01-12
96.52621459960938,96.52621459960938,97.0546060258416,94.45037777022391,96.24314365053168,1724300,2024-01-16
94.56360626220703,94.56360626220703,95.91289766278969,93.17657158902426,95.45055517132649,1685100,2024-01-17
97.87550354003906,97.87550354003906,98.12082401097985,95.45998451246047,96.71492131676888,2694700,2024-01-18
100.05512237548828,100.05512237548828,100.68730596853237,98.06420981929868,98.92284583993606,2489400,2024-01-19
102.4612045288086,102.4612045288086,102.64992089888902,100.95150956213237,100.96094718033476,1763100,2024-01-22
103.5934829711914,103.5934829711914,104.20679858682924,102.93298646250697,103.0084730118641,1629600,2024-01-23
101.71580505371094,101.71580505371094,104.35776962207598,101.10248940789255,103.79163487162589,2597700,2024-01-24
100.98926544189453,100.98926544189453,103.31042309266601,100.74393772956425,103.30099267207994,2321500,2024-01-25
98.68697357177734,98.68697357177734,100.91377657414792,98.36616650813126,100.02683474014194,1879300,2024-01-26
100.1589126586914,100.1589126586914,100.3193161585574,98.76244045114704,99.08325464967176,2135000,2024-01-29
98.44164276123047,98.44164276123047,100.55521570881076,97.81888953985427,99.1776186055526,3671500,2024-01-30
98.56429290771484,98.56429290771484,101.61199537522356,96.45072017659987,101.43271664219579,5117800,2024-01-31
97.14896392822266,97.14896392822266,98.98891076250024,95.21466970608697,98.62091563660991,2965600,2024-02-01
95.4505615234375,95.4505615234375,96.05443952764008,93.80876145064268,96.02612667221095,3140600,2024-02-02
95.1014404296875,95.1014404296875,95.89402760067098,93.98803902369148,95.89402760067098,2487300,2024-02-05
97.23388671875,97.23388671875,97.2621923744654,95.27127966949078,95.35619663663695,2277500,2024-02-06
97.85663604736328,97.85663604736328,98.26236725684453,96.05443965091892,98.26236725684453,1877600,2024-02-07
98.68697357177734,98.68697357177734,99.53617932671429,97.55470403105753,97.95099765043004,1891100,2024-02-08
99.12100219726562,99.12100219726562,99.6210879530114,98.16800437664473,99.00777238134857,1525300,2024-02-09
100.130615234375,100.130615234375,101.45159381099745,99.07382517428371,99.4606883280041,1437700,2024-02-12
97.54524993896484,97.54524993896484,98.26235769967623,96.44128624337547,97.20556769435382,2176700,2024-02-13
99.85698699951172,99.85698699951172,100.09287707149463,98.57374443202126,98.75302319034223,1740200,2024-02-14
99.61164855957031,99.61164855957031,100.80996682845979,99.33801524174356,100.42311089552744,1890000,2024-02-15
98.5290298461914,98.5290298461914,100.1814664866893,97.80727299641963,99.2412878932723,1358900,2024-02-16
98.69046020507812,98.69046020507812,99.12731088002441,97.30393225969313,97.30393225969313,1903900,2024-02-20
98.31058502197266,98.31058502197266,98.3485729811538,96.94305471876375,97.94021147678458,1425000,2024-02-21
99.64964294433594,99.64964294433594,100.38089130349677,98.48153663553684,99.78259719145609,2211500,2024-02-22
98.62399291992188,98.62399291992188,99.97253303949888,98.19664100379755,99.88706555445934,1271700,2024-02-23
98.51002502441406,98.51002502441406,99.38372636165748,98.13964422847965,98.87089977358961,1353900,2024-02-26
98.9278793334961,98.9278793334961,99.81107948313354,98.51002626221673,98.67146965897155,1256100,2024-02-27
96.69615173339844,96.69615173339844,98.2061425538475,96.57269628084389,98.17764614590706,1531700,2024-02-28
99.64013671875,99.64013671875,100.02000907313287,97.53185203511451,98.00669066672745,3277000,2024-02-29
101.08365631103516,101.08365631103516,101.86239142401483,99.09882694357952,100.295422396121,2666600,2024-03-01
99.62115478515625,99.62115478515625,101.10264912251138,99.17480527442409,101.08365876364459,2124200,2024-03-04
95.2811279296875,95.2811279296875,98.26311415598127,94.5878602931712,98.15864907040398,2367800,2024-03-05
99.24128723144531,99.24128723144531,101.56799393820768,96.86709375700882,98.68098104930077,5740500,2024-03-06
102.3752212524414,102.3752212524414,102.88804064555532,99.5071915973025,99.5071915973025,3101800,2024-03-07
100.96968841552734,100.96968841552734,103.00199722104308,100.93170045476056,102.56514654041904,2709500,2024-03-08
102.2327651977539,102.2327651977539,102.56515081147629,100.32391175114402,100.48535515702875,2560300,2024-03-11
103.8187255859375,103.8187255859375,103.92319067203569,101.68195159014121,103.30589895749083,2379000,2024-03-12
101.97634887695312,101.97634887695312,103.81872521190583,101.50151021293134,103.17294433901768,2528300,2024-03-13
99.8395767211914,99.8395767211914,102.16629056487771,98.80443189244833,101.54899884122776,2648900,2024-03-14
98.83292388916016,98.83292388916016,100.42838216514842,98.2821092740713,98.29160807652825,14280700,2024-03-15
97.90223693847656,97.90223693847656,100.85573414916117,97.66481759514477,100.19096288601749,2134200,2024-03-18
98.3200912475586,98.3200912475586,98.93738295130626,96.7626210308351,97.4938766207319,1849600,2024-03-19
100.24793243408203,100.24793243408203,100.84623376399891,98.10166697498207,98.5005296979515,1712200,2024-03-20
100.82723236083984,100.82723236083984,103.62878460860017,100.76075524285027,101.77690961524081,2933000,2024-03-21
100.2574234008789,100.2574234008789,101.12163314523985,99.8490619081903,100.31440171528963,1760500,2024-03-22
99.67813110351562,99.67813110351562,100.16246856770844,98.38656936264344,99.20329244129682,1353500,2024-03-25
98.78543090820312,98.78543090820312,100.76076145811317,98.69046462599768,99.82058294699232,2132700,2024-03-26
102.46068572998047,102.46068572998047,102.55565201312406,99.4502103570046,99.85857189543869,2226300,2024-03-27
102.86905670166016,102.86905670166016,103.90420884560028,102.12830948156439,102.41320835712081,1718000,2024-03-28
101.6534652709961,101.6534652709961,104.10363459357669,101.19761695114678,102.67911855655959,2229700,2024-04-01
101.26409149169922,101.26409149169922,101.73893015858502,100.45686720708598,100.46636600915335,1766100,2024-04-02
101.55850219726562,101.55850219726562,101.84340106640437,99.40273046891878,100.09599815020364,1462000,2024-04-03
99.46920013427734,99.46920013427734,103.41986125004216,99.40272301191894,103.09696719468498,2230200,2024-04-04
100.17196655273438,100.17196655273438,100.39988708001097,98.88989637882908,99.58316400801833,1395400,2024-04-05
98.89940643310547,98.89940643310547,99.61166450166277,97.64583252226318,97.69331929168584,2643000,2024-04-08
101.5205078125,101.5205078125,101.63446445476391,99.4881989102129,99.87756284705293,1418400,2024-04-09
97.59834289550781,97.59834289550781,100.68479443556244,96.84810412793323,99.7256254813869,2108700,2024-04-10
99.07984161376953,99.07984161376953,99.63065622651777,96.90507957002633,98.24412089223061,1859100,2024-04-11
96.43973541259766,96.43973541259766,98.53852143488855,96.11684135391899,97.44639106022653,2095800,2024-04-12
95.19564819335938,95.19564819335938,97.73129202885129,94.33144563915137,97.58883898824527,1956700,2024-04-15
94.0275650024414,94.0275650024414,95.66101135224974,93.97057942934458,95.55654625461337,1774200,2024-04-16
93.51473236083984,93.51473236083984,94.58786518720208,93.19183828540432,94.48340009621971,2167200,2024-04-17
92.70750427246094,92.70750427246094,93.99906603078234,92.1566896779344,92.90693564383163,2202300,2024-04-18
91.27349090576172,91.27349090576172,92.8879395064258,90.83664019317571,92.14719233093373,2649800,2024-04-19
93.1728515625,93.1728515625,93.77114572428091,90.99808941742764,91.83380293244183,1834300,2024-04-22
94.30297088623047,94.30297088623047,94.9297542169993,92.707512527732,92.9829198495193,2017000,2024-04-23
96.0313720703125,96.0313720703125,97.47487839162606,95.30011648510707,96.71513364643185,1904500,2024-04-24
97.769287109375,97.769287109375,98.34859091295199,95.26213930999356,95.6705008888189,2473300,2024-04-25
99.05135345458984,99.05135345458984,99.51669334122575,97.5318638529435,97.5318638529435,1578100,2024-04-26
102.43219757080078,102.43219757080078,102.6031397803153,99.4787004897497,99.4787004897497,2601700,2024-04-29
101.2260971069336,101.2260971069336,103.45784449608138,101.18811639199978,101.89087554567685,3594100,2024-04-30
85.75586700439453,85.75586700439453,89.26967027667412,85.26203072838337,86.48711537078479,9095600,2024-05-01
85.20504760742188,85.20504760742188,87.59823118991909,84.60674627770054,86.43013218082424,4018700,2024-05-02
87.85464477539062,87.85464477539062,88.78532442663048,86.325663817177,87.55074834400135,3562800,2024-05-03
87.16139221191406,87.16139221191406,88.30100946010126,86.89548369430949,88.12056843224228,2145000,2024-05-06
87.9021224975586,87.9021224975586,88.76633225868491,87.44628148250526,87.78816586652641,1686100,2024-05-07
88.54791259765625,88.54791259765625,88.61438972122089,86.90497486721715,87.13289539865838,1845400,2024-05-08
87.60772705078125,87.60772705078125,88.52891515031821,87.39879689474658,88.13005244086791,2366900,2024-05-09
87.56024932861328,87.56024932861328,88.08257477262003,86.69604670225864,87.79766866762303,1772700,2024-05-10
89.1747055053711,89.1747055053711,89.35513927675952,87.74069066380879,87.74069066380879,1661700,2024-05-13
89.66853332519531,89.66853332519531,90.8936179717394,89.47860075406452,89.97242978628246,1815800,2024-05-14
89.6400375366211,89.6400375366211,90.45676057393351,88.67136990273055,90.45676057393351,2399400,2024-05-15
89.35514068603516,89.35514068603516,90.44727111576803,88.88980080127473,89.27917200262974,2197000,2024-05-16
88.90880584716797,88.90880584716797,90.02942553264755,88.13956218255295,90.02942553264755,1572300,2024-05-17
89.97065734863281,89.97065734863281,90.51593375020435,88.98532666648204,89.11926099001191,1806100,2024-05-20
88.4400405883789,88.4400405883789,89.38710525996744,87.57908332107978,88.6600677045946,1631400,2024-05-21
89.3775405883789,89.3775405883789,89.76975333519846,88.18175844805407,89.31057708045971,2314600,2024-05-22
87.25382995605469,87.25382995605469,90.02804596911474,86.67985599091553,90.00890936780763,2289600,2024-05-23
88.1626205444336,88.1626205444336,88.46874045055422,87.41644643094493,88.15305224467143,1705900,2024-05-24
87.38775634765625,87.38775634765625,89.09054892808949,86.88074589376039,88.49744566435088,2568200,2024-05-28
86.1154556274414,86.1154556274414,87.05295216983056,85.98152859259667,86.09632632181045,2417300,2024-05-29
86.74681854248047,86.74681854248047,87.6460490336553,86.09631277623217,86.785084446198,1914900,2024-05-30
88.64093780517578,88.64093780517578,88.72703061193572,85.64669479652012,87.05293569472938,2445500,2024-05-31
87.42601776123047,87.42601776123047,89.32970076532983,86.45026280742071,89.26273726162205,1756500,2024-06-03
86.74681854248047,86.74681854248047,87.48341711823707,85.69453173491038,87.44515851299441,2115500,2024-06-04
88.27742004394531,88.27742004394531,88.34438355223192,86.21111228933357,87.53125315204454,2075600,2024-06-05
87.74171447753906,87.74171447753906,88.3156884647026,86.82335463838234,87.74171447753906,1556700,2024-06-06
86.87117767333984,86.87117767333984,87.82780337545252,86.56505774060278,87.61734455323175,1304100,2024-06-07
89.46363830566406,89.46363830566406,90.24807114079877,86.09631882516457,86.1728506379766,2431200,2024-06-10
92.04652404785156,92.04652404785156,92.24741456472655,87.77997439316316,89.02358339740948,3307500,2024-06-11
98.18806457519531,98.18806457519531,99.34558083541181,93.51016532832637,93.63452404606899,6255100,2024-06-12
101.718017578125,101.718017578125,102.35895507791338,97.50886282550641,98.42722266814542,5540800,2024-06-13
99.84302520751953,99.84302520751953,101.29709303501122,99.46994177485801,100.70398248383086,3280300,2024-06-14
101.68931579589844,101.68931579589844,102.22502385747813,98.80030206729381,99.78562537990285,2293100,2024-06-17
101.84236907958984,101.84236907958984,102.43547962900536,100.87617509862297,101.55538575449826,2248800,2024-06-18
101.21099853515625,101.21099853515625,102.92335205722657,100.86661271099779,102.7224615428799,2671900,2024-06-20
101.7658462524414,101.7658462524414,102.04326860010625,100.21611718417795,100.7326959730909,5346200,2024-06-21
100.40743255615234,100.40743255615234,102.41634506565644,100.28307384265288,100.8953137065308,2695200,2024-06-24
102.72246551513672,102.72246551513672,103.42080549070566,100.49353317063635,100.94314112100344,2393700,2024-06-25
101.53624725341797,101.53624725341797,102.85638804047124,100.49352878436005,101.85193547373764,2670300,2024-06-26
101.0196762084961,101.0196762084961,102.06240205539189,100.2830776034946,101.58408918764478,2434800,2024-06-27
101.95716857910156,101.95716857910156,102.8372624690633,101.35448971872407,101.83280256741739,2365000,2024-06-28
101.78498077392578,101.78498077392578,101.85194428416719,99.44124331852612,101.85194428416719,2025800,2024-07-01
102.32068634033203,102.32068634033203,103.01902632865982,100.79008664496124,101.40232652310955,1756700,2024-07-02
100.09175109863281,100.09175109863281,102.56941562355956,99.67084072527305,102.52158141595089,1811300,2024-07-03
100.98139953613281,100.98139953613281,101.9667227708759,99.29774367608462,100.59875512151464,3537200,2024-07-05
101.7658462524414,101.7658462524414,102.5598473890192,101.46929460080588,101.65105583166657,1573400,2024-07-08
101.79454040527344,101.79454040527344,102.32068014136678,100.40742881344637,101.61277919360913,1394600,2024-07-09
106.01325225830078,106.01325225830078,106.17587686412534,102.0910886263517,102.61722834492664,3173400,2024-07-10
105.18098449707031,105.18098449707031,106.84551833864431,104.20522957138411,106.73072063625064,1976900,2024-07-11
107.45777130126953,107.45777130126953,108.76834389618506,105.2001339673057,106.18545731335831,2820700,2024-07-12
110.8537826538086,110.8537826538086,111.62865442793664,107.92651036936321,107.92651036936321,3913400,2024-07-15
115.44559478759766,115.44559478759766,115.61778771302373,110.65289777863472,111.3034035748582,3387800,2024-07-16
111.5042953491211,111.5042953491211,114.90988799016677,111.39906593249333,113.60887638320105,5389900,2024-07-17
112.29828643798828,112.29828643798828,114.45069418821572,110.89204554008374,112.10696422402458,3074300,2024-07-18
109.3040542602539,109.3040542602539,111.93477492886824,108.90226592038827,111.85824312142003,2205700,2024-07-19
113.27405548095703,113.27405548095703,113.46537770636506,110.4041783089862,112.09740262911996,2412700,2024-07-22
112.40352630615234,112.40352630615234,113.04446381090229,111.08338539060354,111.7817181051892,1595200,2024-07-23
108.72051239013672,108.72051239013672,112.43221748296833,108.45265836158366,111.9060777264462,3016500,2024-07-24
107.79258728027344,107.79258728027344,111.44689726784667,107.5055966425971,108.56745178413442,2978700,2024-07-25
111.14077758789062,111.14077758789062,112.12610092189765,108.93097448740983,110.32764717719867,2207500,2024-07-26
112.31742858886719,112.31742858886719,113.79062576583293,111.47559328948677,112.34612619253242,2251600,2024-07-29
112.58528137207031,112.58528137207031,114.86204791878035,112.04000501305478,112.43221775625372,4471300,2024-07-30
108.69181823730469,108.69181823730469,109.2083970081166,102.86596373743286,107.09424771890528,6975700,2024-07-31
103.32514190673828,103.32514190673828,108.57701485482147,101.69887386903495,107.53429636521045,4206800,2024-08-01
100.15870666503906,100.15870666503906,102.33981936550477,99.73779632506832,102.06239704002701,3286900,2024-08-02
95.3755874633789,95.3755874633789,99.72823768709809,94.2180711439788,96.11219340202702,2762000,2024-08-05
94.92597198486328,94.92597198486328,97.64278548569526,94.44765913202879,96.21741522782143,2234000,2024-08-06
92.23784637451172,92.23784637451172,97.99673705903776,91.97956065207106,97.36536060655544,2895200,2024-08-07
98.32199096679688,98.32199096679688,99.01076265738689,94.04587280311314,94.6102857767536,3108300,2024-08-08
97.6045150756836,97.6045150756836,98.16892801117882,96.12174967943432,97.02097283828707,1197200,2024-08-09
98.02544403076172,98.02544403076172,98.87684038401724,97.19317698161822,97.92978291325079,1687200,2024-08-12
102.07196044921875,102.07196044921875,102.3398217790306,98.35068701712778,98.89596338048501,1981100,2024-08-13
100.33090209960938,100.33090209960938,102.39721714187861,99.24991767193472,102.19632661807049,2097000,2024-08-14
104.05217742919922,104.05217742919922,104.45396578259562,101.86151093040094,102.3780824018854,2233600,2024-08-15
102.66506958007812,102.66506958007812,103.93738350958931,102.19632503180159,102.65550127952865,1397800,2024-08-16
103.36341094970703,103.36341094970703,103.631264980919,101.57451824343427,102.51201465115113,1558900,2024-08-19
102.2753677368164,102.2753677368164,103.15156974976475,101.37990433901835,102.8241996679787,1337400,2024-08-20
103.86410522460938,103.86410522460938,104.25887550364246,102.70866442968808,103.2189809920333,1328600,2024-08-21
101.27399444580078,101.27399444580078,104.46107063321303,100.78293194948884,103.96038479000191,1638200,2024-08-22
105.15433502197266,105.15433502197266,105.42393566010793,102.35240570870509,102.84346086556587,2044500,2024-08-23
103.45006561279297,103.45006561279297,105.12544618876832,103.25748848873098,104.53809881599507,1477400,2024-08-26
103.70040893554688,103.70040893554688,104.20110213174395,101.8709739344005,102.61237568953106,1003300,2024-08-27
102.76643371582031,102.76643371582031,104.1144368587085,101.75542401258798,103.38266582287382,1435300,2024-08-28
103.70040893554688,103.70040893554688,106.64677660807129,103.43080829731757,104.47070276997324,2039900,2024-08-29
105.52021789550781,105.52021789550781,106.62751249944925,104.38404590514075,105.28913268950657,1812900,2024-08-30
98.05802154541016,98.05802154541016,104.4706963890428,97.47068153146537,103.77743344961593,2878300,2024-09-03
98.7127685546875,98.7127685546875,100.36889504681152,97.38401949164346,97.71139692072343,1794000,2024-09-04
97.6247329711914,97.6247329711914,99.68526034302874,97.19144731999847,97.43216320312028,1746800,2024-09-05
95.12129974365234,95.12129974365234,97.7691747499368,94.32212116051778,97.44179729284156,2750700,2024-09-06
96.1034164428711,96.1034164428711,97.39365752545909,95.55458446828014,95.86270053566336,1923400,2024-09-09
95.75678253173828,95.75678253173828,96.0552752444666,93.84068601562903,95.9878750859924,1206200,2024-09-10
98.07727813720703,98.07727813720703,98.21207844150031,93.61922271135785,95.76640423407625,2254400,2024-09-11
96.71002197265625,96.71002197265625,97.46105440247375,95.22721115267998,97.355138819185,2611800,2024-09-12
98.66463470458984,98.66463470458984,99.23272070499542,97.30699349646181,97.7788019517203,1417400,2024-09-13
93.63848114013672,93.63848114013672,96.47892570159108,91.4720381317531,96.35375608346823,3232200,2024-09-16
93.15705871582031,93.15705871582031,94.98650113139085,92.58897268490563,94.24509200249084,1514800,2024-09-17
92.6563720703125,92.6563720703125,95.22721624716688,92.50231036053546,93.15705793495455,1892700,2024-09-18
95.76641845703125,95.76641845703125,97.05665957754566,94.06215301617323,95.70864898834455,2437900,2024-09-19
94.12955474853516,94.12955474853516,95.61236568678495,93.30149140190129,94.87095654462664,4966400,2024-09-20
94.466552734375,94.466552734375,94.57246832293829,93.55183521067389,94.4858067749926,985200,2024-09-23
95.06352996826172,95.06352996826172,96.08416307118345,94.44729048314053,95.11166874239834,1388800,2024-09-24
93.57109069824219,93.57109069824219,95.39090242650988,92.71414262920891,94.74578553787885,1935200,2024-09-25
96.353759765625,96.353759765625,96.95073783977686,93.27259919660375,95.87232796758629,2082800,2024-09-26
95.17906188964844,95.17906188964844,96.92184993686548,94.70726079990209,96.92184993686548,1708500,2024-09-27
95.10203552246094,95.10203552246094,95.79529849699533,93.71551691945852,94.21620276436316,1871800,2024-09-30
91.88607788085938,91.88607788085938,94.2932369919098,91.12541472023945,93.92735145161411,3183600,2024-10-01
93.74440002441406,93.74440002441406,94.3028626715425,91.85718826321411,92.03050400383789,1813000,2024-10-02
93.13780975341797,93.13780975341797,93.97549647831151,92.0690304493212,93.13780975341797,1908700,2024-10-03
93.23408508300781,93.23408508300781,95.20795107509846,92.48305264287123,95.18869703517517,1461000,2024-10-04
91.90533447265625,91.90533447265625,93.06077528567403,91.4335333306924,92.30011210393903,1206300,2024-10-07
92.56970977783203,92.56970977783203,92.86819515554204,90.68249792463551,91.90533151537649,2017400,2024-10-08
94.1680679321289,94.1680679321289,94.48580735369822,92.04976349395572,92.5119412783414,1666400,2024-10-09
92.85856628417969,92.85856628417969,92.90670505568426,89.81591383615104,90.18180669912971,2019700,2024-10-10
93.68663787841797,93.68663787841797,94.1488083254756,92.4541662121084,92.47342759927477,1361900,2024-10-11
95.46793365478516,95.46793365478516,95.6701341424853,93.23409025048838,93.9947534257794,1519300,2024-10-14
94.89983367919922,94.89983367919922,97.73065500242444,93.88883131095183,95.94935881888415,3400400,2024-10-15
94.56283569335938,94.56283569335938,96.79667900865772,94.4761814932546,96.71002480855296,1525200,2024-10-16
94.41839599609375,94.41839599609375,96.02638368433743,93.70587903630181,96.01675299207832,1647300,2024-10-17
94.94798278808594,94.94798278808594,95.5834689615627,94.00437320193379,95.5834689615627,1211200,2024-10-18
93.21482849121094,93.21482849121094,94.31249247495236,92.94522784202066,93.96586096997437,1150700,2024-10-21
92.0882797241211,92.0882797241211,92.6371117157001,91.18318553426329,92.4060264945265,1560800,2024-10-22
91.41427612304688,91.41427612304688,93.14742626343885,90.09515029468307,92.35787837428919,1985100,2024-10-23
91.549072265625,91.549072265625,92.48305112702307,90.48029308877425,92.3675048511781,1904100,2024-10-24
91.66461181640625,91.66461181640625,93.2051994538447,91.58758831138735,91.96310452784475,1550800,2024-10-25
92.56970977783203,92.56970977783203,93.56145815183191,91.36613022762508,91.58759209713246,1370400,2024-10-28
94.38951873779297,94.38951873779297,94.6880041068628,91.4431584349151,92.0401291730548,2156300,2024-10-29
86.6480941772461,86.6480941772461,88.2849667213238,85.34822977340573,87.04287178332237,4133300,2024-10-30
84.32759857177734,84.32759857177734,86.45552631490425,83.43213510104371,86.36886476815376,3975700,2024-10-31
85.60820007324219,85.60820007324219,86.02222433937769,84.52979027386392,84.59719042719595,2106200,2024-11-01
84.68385314941406,84.68385314941406,86.01260965761885,83.95208208125665,85.10751549650156,1572600,2024-11-04
85.29045867919922,85.29045867919922,85.5311745770208,83.70173228436353,84.21204881237469,1737600,2024-11-05
87.11026763916016,87.11026763916016,87.62058415170613,85.6756029885197,86.79252090060912,2276800,2024-11-06
87.78427124023438,87.78427124023438,88.10201798619127,87.0332388196571,87.92870224712989,1906600,2024-11-07
85.84892272949219,85.84892272949219,86.9273252678907,84.88605912245562,86.81178633652875,2833300,2024-11-08
84.7127456665039,84.7127456665039,85.61783248622959,83.62470505969415,85.46377812489892,2601200,2024-11-11
83.80764770507812,83.80764770507812,84.82828075912741,82.79663799775541,83.59581654003404,3433900,2024-11-12
80.09099578857422,80.09099578857422,83.30695673652346,79.07998605440989,81.63157610334231,5700400,2024-11-13
80.88054656982422,80.88054656982422,81.28494753961735,79.49402056360019,79.89842887945997,2854700,2024-11-14
80.58206939697266,80.58206939697266,81.9204494186105,80.0621220916787,80.0621220916787,3278400,2024-11-15
80.87091064453125,80.87091064453125,82.25743656105477,80.28356326856316,80.91905676232517,2994100,2024-11-18
80.45687866210938,80.45687866210938,80.77462540762386,79.965823523841,79.98507756323603,2541400,2024-11-19
80.33170318603516,80.33170318603516,80.47613418220296,79.30143952093441,79.78287127745,3542900,2024-11-20
81.89154815673828,81.89154815673828,82.45000343471136,80.18727555338918,81.02496948944771,2190300,2024-11-21
82.2381820678711,82.2381820678711,82.39223642104258,81.57380384552457,81.84340447312427,1704100,2024-11-22
84.66459655761719,84.66459655761719,85.76226047283991,82.87366967571351,83.33584743552291,2965500,2024-11-25
83.07587432861328,83.07587432861328,85.16528668057404,82.53667303676964,84.84754725991854,1863800,2024-11-26
83.5765609741211,83.5765609741211,83.78838478923035,81.97820391875531,83.0758678029674,1837200,2024-11-27
84.33721923828125,84.33721923828125,85.34822895719198,83.94244898204664,83.9617030217867,1941100,2024-11-29
85.20380401611328,85.20380401611328,85.99335193088028,84.19280157126536,84.25057104066616,2140500,2024-12-02
85.03881072998047,85.03881072998047,85.45614368386586,84.19443733826611,84.6117702921515,2297900,2024-12-03
85.17469024658203,85.17469024658203,86.08699385867868,84.59236705905116,85.94141861527676,2537600,2024-12-04
83.87415313720703,83.87415313720703,85.90258771859583,83.61211031995525,85.37849467945193,2359800,2024-12-05
85.28144836425781,85.28144836425781,86.02876174656988,83.47624134194034,84.32060735246114,3203800,2024-12-06
87.0284194946289,87.0284194946289,88.28041841419451,84.67971178721484,85.28144994065723,1948000,2024-12-09
85.05821990966797,85.05821990966797,87.34869745759391,84.75735454346577,87.27105239385115,2091500,2024-12-10
86.77607727050781,86.77607727050781,87.2710478657443,85.33967328435848,85.63083855596618,2517900,2024-12-11
86.99929809570312,86.99929809570312,87.11576568598959,85.164976125374,85.40761138499045,1624000,2024-12-12
88.2998275756836,88.2998275756836,88.73656808429274,86.04817264635889,87.64955944768613,2599100,2024-12-13
88.0863037109375,88.0863037109375,88.87243955571537,86.60137715762808,88.16394136383192,2681900,2024-12-16
88.06689453125,88.06689453125,89.4159460248422,87.28075863481388,87.85337431131902,1665500,2024-12-17
86.04817199707031,86.04817199707031,90.37678413868579,85.52407894790963,88.29982690940483,4134800,2024-12-18
85.65995788574219,85.65995788574219,87.21282213447535,85.53378280623708,86.3393336806127,3079300,2024-12-19
86.1355209350586,86.1355209350586,87.49427992932853,84.75735437721146,85.59202029920695,6291100,2024-12-20
87.5331039428711,87.5331039428711,87.96013699056579,86.13552239314787,86.53344779730443,2156100,2024-12-23
87.6883773803711,87.6883773803711,88.01836516894492,87.00900164601343,87.66896981852094,835400,2024-12-24
87.7563247680664,87.7563247680664,88.77539588821122,86.86342873029896,86.99930389236614,1112700,2024-12-26
87.49427795410156,87.49427795410156,88.00866353065447,86.74695719203586,87.43604045540305,1332100,2024-12-27
85.81523895263672,85.81523895263672,86.41697707694166,84.88352042137274,86.41697707694166,2359200,2024-12-30
86.06758117675781,86.06758117675781,86.81489453213543,85.60171821164924,86.31992392471832,1559700,2024-12-31
85.84435272216797,85.84435272216797,87.2419342005845,85.32996715153982,87.02841398531079,2351200,2025-01-02
86.23257446289062,86.23257446289062,86.53344723628598,85.06792811543261,86.09669930250855,2197500,2025-01-03
88.23189544677734,88.23189544677734,89.29948918179683,86.3975659452884,86.40727342964196,1861500,2025-01-06
89.93034362792969,89.93034362792969,91.39585538606889,89.0762627043613,89.18302281980735,2087700,2025-01-07
89.90121459960938,89.90121459960938,90.12444229866401,86.92165387879824,89.2315463117266,2449800,2025-01-08
87.54280090332031,87.54280090332031,91.21145234062831,87.50398577689184,89.42565293465059,3539800,2025-01-10
87.67868041992188,87.67868041992188,87.8727930849207,85.88318084536883,87.21282483320681,1639700,2025-01-13
88.87244415283203,88.87244415283203,89.13448697976597,88.03777825276006,88.15424584508659,1905500,2025-01-14
89.5615234375,89.5615234375,90.76499221954946,89.3965332425094,90.76499221954946,2404200,2025-01-15
88.74627685546875,88.74627685546875,89.68770286798251,88.26100632568975,89.28977747933622,1724100,2025-01-16
90.8814697265625,90.8814697265625,91.65790558307023,89.33831290267078,89.89152104392419,2150600,2025-01-17
91.1920394897461,91.1920394897461,92.64785111775221,90.85235159080617,91.44438224523326,2389300,2025-01-21
89.28977966308594,89.28977966308594,91.82289248285562,89.03743690812996,91.04645665436375,2774100,2025-01-22
89.7944564819336,89.7944564819336,90.26031945328278,88.43570490849999,88.6589252078609,1777300,2025-01-23
88.51334381103516,88.51334381103516,90.13415304723246,88.08631076965504,89.59064500557648,1803300,2025-01-24
86.95077514648438,86.95077514648438,90.58060425660332,86.53344957449217,89.2218452114269,4053000,2025-01-27
87.1642837524414,87.1642837524414,87.79513687549449,85.87346986608122,87.49427153873506,2956400,2025-01-28
87.50399017333984,87.50399017333984,88.09601343912752,84.91263977792191,85.76672069507339,3637700,2025-01-29
86.76637268066406,86.76637268066406,87.97954901175656,86.46549991539744,87.97954901175656,2088400,2025-01-30
86.14522552490234,86.14522552490234,88.0668926540379,85.07763185264476,86.95076896750655,2782700,2025-01-31
82.70951843261719,82.70951843261719,84.640893258206,82.00102013126416,84.640893258206,2944000,2025-02-03
83.82563781738281,83.82563781738281,84.34002341775555,83.01037943961697,83.15596208614383,2334600,2025-02-04
84.51471710205078,84.51471710205078,85.26203045861847,83.36947835750244,83.62182110586478,5345500,2025-02-05
63.66749572753906,63.66749572753906,65.31742006749437,60.183252973068235,60.70734606425584,19998500,2025-02-06
63.754844665527344,63.754844665527344,65.84150202293053,63.094876447872565,64.00718001004192,6896200,2025-02-07
62.735774993896484,62.735774993896484,64.37599179315866,62.63872236655382,63.65778606061309,4854300,2025-02-10
63.30839538574219,63.30839538574219,63.79366590642056,61.93022518180908,62.23109423746496,3101000,2025-02-11
64.2401123046875,64.2401123046875,64.3371649254896,62.4154904531904,62.80370834103917,2817800,2025-02-12
64.23040771484375,64.23040771484375,64.6671482304489,63.46367938807684,64.24011519875339,2884700,2025-02-13
63.98777770996094,63.98777770996094,64.7156835655704,63.92954761099739,64.45364071559315,2972400,2025-02-14
65.04566192626953,65.04566192626953,65.5988700627168,63.84219302331497,64.34687854705274,3111100,2025-02-18
65.62799072265625,65.62799072265625,65.9773861050381,64.71567973481025,64.84184740997671,3398200,2025-02-19
65.33682250976562,65.33682250976562,66.10355081984211,64.92919705012207,65.81238554601643,2269200,2025-02-20
65.23006439208984,65.23006439208984,65.82209503685203,64.4827510266219,65.375647033442,3160700,2025-02-21
65.24967956542969,65.24967956542969,66.83850659156947,64.76911133778293,65.47525668273396,3774600,2025-02-24
64.8671875,64.8671875,66.19120632300641,64.64161785802612,65.31833426652062,2824600,2025-02-25
65.494873046875,65.494873046875,66.20101844078845,64.75930617531068,65.51449235369103,2652800,2025-02-26
62.88606262207031,62.88606262207031,65.9950566149748,62.83702184057558,65.65179359222982,3457100,2025-02-27
65.37718200683594,65.37718200683594,65.70082571817584,63.34701041733365,64.32776616913685,4865900,2025-02-28
64.28854370117188,64.28854370117188,66.78946642453083,63.96489250133174,65.94601586392649,3809600,2025-03-03
64.74949645996094,64.74949645996094,66.14217542221269,64.13162298216433,64.4650838545592,4408800,2025-03-04
66.09313201904297,66.09313201904297,66.53446913104338,64.76911320046887,64.93583988877366,3094300,2025-03-05
65.64198303222656,65.64198303222656,66.69139139158537,64.73968953274607,65.23006741062537,3860200,2025-03-06
71.21267700195312,71.21267700195312,71.50690672574937,66.69139230722513,66.70120196003774,5794800,2025-03-07
70.6634521484375,70.6634521484375,72.3601553424976,69.73172973109902,70.43787504200793,5199500,2025-03-10
66.9169692993164,66.9169692993164,70.67325820155061,65.52429042290971,70.48691969390161,4193400,2025-03-11
66.54428100585938,66.54428100585938,68.11348882406544,66.39716613608968,67.18177378647927,3199200,2025-03-12
65.89698791503906,65.89698791503906,67.73099656455427,65.24968546280547,66.3089035759659,2854000,2025-03-13
68.06444549560547,68.06444549560547,68.2704032899131,66.59331197977497,66.8777320240775,2866100,2025-03-14
69.22174072265625,69.22174072265625,70.13384384431619,68.08406049238262,68.1232916192099,2727200,2025-03-17
69.51596069335938,69.51596069335938,69.94749559187835,68.78039392501408,69.06481397334959,2528300,2025-03-18
68.70194244384766,68.70194244384766,69.82000338662563,68.34886977954172,69.2511632627358,2907700,2025-03-19
67.07389068603516,67.07389068603516,68.37829773713233,67.04446920831575,67.80945755931313,3056900,2025-03-20
65.95582580566406,65.95582580566406,67.13272974150927,65.81852059590122,66.08332136256593,13009400,2025-03-21
67.69176483154297,67.69176483154297,68.1036879713851,66.93658612655003,67.56426926598067,3390600,2025-03-24
66.90716552734375,66.90716552734375,67.64273241751671,66.73062917439931,67.37792414681337,2148300,2025-03-25
66.29908752441406,66.29908752441406,67.1817692002013,65.65179261721849,66.8090847071234,1920600,2025-03-26
65.02410888671875,65.02410888671875,66.02447645428977,64.68083838990974,65.91659272373364,1945900,2025-03-27
62.88606262207031,62.88606262207031,64.72007112183893,62.503564729357734,64.5435347840597,2547300,2025-03-28
63.3862419128418,63.3862419128418,63.48432347464887,61.51300230697397,62.277990600604426,3169800,2025-03-31
63.37643814086914,63.37643814086914,63.55297447205823,62.24856755174843,63.13124920769388,2090500,2025-04-01
63.552978515625,63.552978515625,64.3081571855213,62.35645524838915,62.37606707195911,2025800,2025-04-02
55.667694091796875,55.667694091796875,61.13050699925683,55.65788818057417,60.87550841203171,6468600,2025-04-03
51.76428985595703,51.76428985595703,55.08905141480179,51.03853266007054,55.049824026233175,5965600,2025-04-04
52.35274124145508,52.35274124145508,55.75596103669888,48.84163397740723,51.018912867208655,7665900,2025-04-07
48.2531852722168,48.2531852722168,54.333871875119385,47.00762497884315,53.882721371558354,6328900,2025-04-08
59.11014938354492,59.11014938354492,59.75744802760228,48.184530948944506,48.70433029819603,10709000,2025-04-09
52.803890228271484,52.803890228271484,56.569992493485735,50.65603646235265,55.795194545760715,6896300,2025-04-10
55.451934814453125,55.451934814453125,55.48135629176383,50.685460943218956,52.37236214638141,5428000,2025-04-11
56.609222412109375,56.609222412109375,57.66843666400868,55.37346808672624,56.90344838534328,3953800,2025-04-14
56.29538345336914,56.29538345336914,57.78612895153221,56.060000419230214,56.8446042975493,2374000,2025-04-15
54.78501892089844,54.78501892089844,55.78539027369703,52.75485473887042,54.686941097318325,4712300,2025-04-16
54.9027099609375,54.9027099609375,55.90308133911821,54.02003197403912,55.73635464673135,2344900,2025-04-17
55.68730926513672,55.68730926513672,55.854039685043716,53.510034084195254,53.617914072033656,3717800,2025-04-21
56.68768310546875,56.68768310546875,57.20748621083197,54.92232345689718,55.353854651481136,3859700,2025-04-22
57.53113555908203,57.53113555908203,59.502453087388425,57.29575251894911,58.67862180013945,3291800,2025-04-23
60.31647872924805,60.31647872924805,60.8068566050956,58.394198353834376,59.218033334909705,3313300,2025-04-24
60.33609390258789,60.33609390258789,60.96377698100298,59.1395706960552,59.845716029915316,2090900,2025-04-25
60.91474151611328,60.91474151611328,61.228583063430925,59.62995010964731,59.74763975456984,2142000,2025-04-28
60.414554595947266,60.414554595947266,61.326657771321436,60.01244487550279,60.22821234447323,2538600,2025-04-29
63.0429801940918,63.0429801940918,63.229326186280296,59.57110758437029,59.8849491339351,3822700,2025-04-30
63.974700927734375,63.974700927734375,64.67103661301033,62.876251792928215,63.503934874939574,4364300,2025-05-01
64.78872680664062,64.78872680664062,65.61256558296907,64.17085333632409,64.77892463593382,3674500,2025-05-02
64.85737609863281,64.85737609863281,65.39679476285193,63.86681816262707,64.27873378844565,2237400,2025-05-05
64.73969268798828,64.73969268798828,65.68121736149527,63.494128627228676,64.12181174290001,3460400,2025-05-06
65.59294128417969,65.59294128417969,66.09312880736117,64.11200550227426,65.00448933591632,6048900,2025-05-07
65.99505615234375,65.99505615234375,68.02522028128695,63.680471954384885,65.63217382651564,6377400,2025-05-08
66.89735412597656,66.89735412597656,67.90753143154454,66.15197760162059,66.86793264835002,5017400,2025-05-09
71.6343994140625,71.6343994140625,72.14438910130896,70.12403469201804,71.1146000743962,6361200,2025-05-12
71.20286560058594,71.20286560058594,72.64457774315206,71.09498187001483,71.45786418944242,3597700,2025-05-13
70.84979248046875,70.84979248046875,71.61478075957166,70.34961244109991,71.32055852745572,3024600,2025-05-14
70.88902282714844,70.88902282714844,70.92825395417962,69.1236670061793,70.2417279375648,2943000,2025-05-15
71.90901184082031,71.90901184082031,71.99728374993335,70.3790352535388,70.88902495510844,2336500,2025-05-16
71.51670837402344,71.51670837402344,71.56574915515579,70.2809615012728,70.2809615012728,2260800,2025-05-19
71.86978149414062,71.86978149414062,72.08554896034921,70.98709980627487,71.28132952975436,2453100,2025-05-20
69.97692108154297,69.97692108154297,72.12477856280495,69.61404624384585,71.18325394319528,3478700,2025-05-21
69.00597381591797,69.00597381591797,70.11422509796738,68.71174410365657,70.11422509796738,2963600,2025-05-22
68.05464172363281,68.05464172363281,68.74116776397408,65.94601533890942,66.55408660504929,3902200,2025-05-23
70.72966766357422,70.72966766357422,71.09624801830316,68.57974119442899,69.32280396514211,3403400,2025-05-27
69.12464904785156,69.12464904785156,70.82874087046162,68.97604254143528,70.82874087046162,4194500,2025-05-28
68.85714721679688,68.85714721679688,70.08567549671187,68.27260815642988,70.08567549671187,3026000,2025-05-29
68.39149475097656,68.39149475097656,68.86705823999144,66.89545962132011,67.99519310326836,15911500,2025-05-30
68.3122329711914,68.3122329711914,68.71844423913507,67.51963723388644,68.13389760750337,3875500,2025-06-02
70.37300109863281,70.37300109863281,70.47207462883307,67.34130723331492,67.96547727651983,4042300,2025-06-03
70.54141998291016,70.54141998291016,71.52226824515714,70.3928134815016,70.75938626340948,3583100,2025-06-04
70.13522338867188,70.13522338867188,71.36375179737651,69.61012687361368,70.81884359973111,4172000,2025-06-05
70.92781829833984,70.92781829833984,71.83931442120709,70.70985955732401,71.03680144826065,2185800,2025-06-06
72.49320220947266,72.49320220947266,73.20654367987946,71.54208276853872,71.71050851604437,2820400,2025-06-09
74.2567367553711,74.2567367553711,74.9205452439325,72.83006137126806,73.06783934214766,4660400,2025-06-10
72.14643859863281,72.14643859863281,74.58368349899517,71.69069435471059,74.50442165861953,3493800,2025-06-11
71.34393310546875,71.34393310546875,72.32477381192658,71.04670498408147,71.74023474771008,2099000,2025-06-12
70.5909652709961,70.5909652709961,71.50245381546485,69.74882895145811,70.26401582825439,3365800,2025-06-13
71.31421661376953,71.31421661376953,71.7303299647099,70.56124419862103,71.54208497121637,2601400,2025-06-16
70.86837005615234,70.86837005615234,71.79967778728775,70.5513302521866,70.60087079232898,3268000,2025-06-17
70.9575424194336,70.9575424194336,71.9978257462324,70.6107737516754,70.888190197647,2330500,2025-06-18
71.46282196044922,71.46282196044922,71.56190304519384,70.09558916158419,71.3637484345301,6353800,2025-06-20
71.6807861328125,71.6807861328125,72.25542314850424,70.35318429534395,71.65106483179832,2642200,2025-06-23
72.74089050292969,72.74089050292969,73.71182919343707,72.24551531689694,72.33468678097209,3015100,2025-06-24
73.58302307128906,73.58302307128906,73.78117767093627,72.72107512900526,73.23626197043781,2676600,2025-06-25
73.95951843261719,73.95951843261719,74.16757510832274,73.21645563702926,73.83071604373355,2074900,2025-06-26
74.1081314086914,74.1081314086914,74.47470421145096,73.20654493512765,74.14775477210416,3796500,2025-06-27
73.8307113647461,73.8307113647461,74.2963652298827,73.30561489855381,74.12793948767482,1852000,2025-06-30
76.44630432128906,76.44630432128906,77.74418492356256,73.30561981560466,73.7019214864836,3271800,2025-07-01
77.45686340332031,77.45686340332031,77.52621562612805,75.84194303861133,76.55527694799433,2325900,2025-07-02
78.03150177001953,78.03150177001953,78.20983714014349,76.92185862715654,77.8234450980125,1831000,2025-07-03
75.48527526855469,75.48527526855469,78.0711344129352,75.32675157658353,77.45686644478548,2428500,2025-07-07
77.21908569335938,77.21908569335938,78.47733532819804,75.87166459528193,76.22833533058628,2485900,2025-07-08
76.91194915771484,76.91194915771484,78.0215923027534,76.1094437699964,77.04075154456137,1381300,2025-07-09
76.9813003540039,76.9813003540039,77.42714255364781,75.8122146206922,75.95092662594227,2169200,2025-07-10
74.7223892211914,74.7223892211914,76.69398785050218,74.42516865292528,76.0995315963194,2065800,2025-07-11
73.7415542602539,73.7415542602539,74.2864700162422,72.9687701399984,74.2864700162422,2650800,2025-07-14
72.29505920410156,72.29505920410156,75.11869638337195,72.25542828032617,74.96018024709623,1952800,2025-07-15
72.19598388671875,72.19598388671875,72.5229257718264,71.20523349333956,72.0077388931525,1819600,2025-07-16
71.53217315673828,71.53217315673828,72.29505516888835,70.66031555882074,71.70060646308887,2348500,2025-07-17
72.0969009399414,72.0969009399414,72.42385037543814,71.35383816408091,71.82940166651481,1788100,2025-07-18
72.04737091064453,72.04737091064453,73.47405391761198,71.98792830496281,72.25542758935633,1877100,2025-07-21
72.70125579833984,72.70125579833984,72.81023893830269,71.64115325773996,72.03745489771165,2052000,2025-07-22
72.4139404296875,72.4139404296875,72.87959430987839,71.24486225739604,72.62200465775928,2093500,2025-07-23
71.6708755493164,71.6708755493164,72.66162588353748,70.97735333889173,71.76995662979866,1482700,2025-07-24
70.86837005615234,70.86837005615234,71.79967778728775,70.5513302521866,71.54208058443271,1539200,2025-07-25
70.66031646728516,70.66031646728516,71.65106684263061,70.45225979552167,71.52227201501287,2211500,2025-07-28
71.27458190917969,71.27458190917969,71.44300765293431,69.98660344309381,71.17550082807675,2406400,2025-07-29
70.67022705078125,70.67022705078125,73.27589785227926,70.13522093374323,73.15700508444006,2454600,2025-07-30
67.9060287475586,67.9060287475586,70.33336404047475,67.5988985630772,69.77854627268252,3301900,2025-07-31
67.06389617919922,67.06389617919922,67.55927137317451,65.5183204339949,67.14315046552782,2727200,2025-08-01
67.31158447265625,67.31158447265625,67.63852635935534,66.96481578622507,67.3413057751902,2348400,2025-08-04
67.00444793701172,67.00444793701172,67.93575574721108,66.40999919896299,67.60880629569525,4515200,2025-08-05
66.89546203613281,66.89546203613281,70.21448184152783,65.09229665485329,68.50048036581808,5432400,2025-08-06
67.91593933105469,67.91593933105469,68.7382563746078,66.7270343789976,67.6286208232782,4293700,2025-08-07
70.42253875732422,70.42253875732422,70.53152190372627,67.58899206852182,68.02492465413003,2596500,2025-08-08
69.87762451171875,69.87762451171875,71.56190472723425,69.75873930135165,70.75939176312792,2563800,2025-08-11
71.02689361572266,71.02689361572266,71.86902988492238,69.67947256147302,70.80892733359035,2950000,2025-08-12
72.96876525878906,72.96876525878906,73.10746970397554,70.71975771687545,71.13587861126025,1915100,2025-08-13
74.66294860839844,74.66294860839844,74.94035750303405,71.66097619186587,71.75014009707355,2206900,2025-08-14
73.8307113647461,73.8307113647461,75.1583207393159,73.14709877613026,75.0493375981637,2364300,2025-08-15
73.57312774658203,73.57312774658203,74.47470669134141,73.39479236998419,73.77127480554596,1669200,2025-08-18
74.23692321777344,74.23692321777344,75.31683745925318,73.81090026956923,73.86044081005876,1946300,2025-08-19
74.4251708984375,74.4251708984375,74.5935966480858,73.17682330934458,74.11803314215621,2393800,2025-08-20
73.8307113647461,73.8307113647461,74.48461021165924,73.48395026054601,73.81089968400259,1369900,2025-08-21
76.5750961303711,76.5750961303711,77.40732280343627,74.16757245639629,74.42516966612733,2392200,2025-08-22
76.05000305175781,76.05000305175781,76.67417308447882,75.74286528682227,76.42648548372554,1869700,2025-08-25
75.66999816894531,75.66999816894531,77.05999755859375,75.63999938964844,76.0,2814400,2025-08-26
76.19999694824219,76.19999694824219,76.3499984741211,75.12999725341797,75.48999786376953,1529900,2025-08-27
75.0999984741211,75.0999984741211,76.52999877929688,74.8499984741211,76.16999816894531,1869000,2025-08-28
74.94000244140625,74.94000244140625,75.61000061035156,74.47000122070312,74.6500015258789,2234400,2025-08-29
73.06999969482422,73.06999969482422,73.91000366210938,71.55999755859375,72.9800033569336,2210300,2025-09-02
73.55999755859375,73.55999755859375,73.72000122070312,72.62999725341797,73.26000213623047,2419800,2025-09-03
74.63999938964844,74.63999938964844,74.70999908447266,72.19000244140625,73.02999877929688,2279600,2025-09-04
75.19999694824219,75.19999694824219,76.37999725341797,74.58000183105469,74.87999725341797,2138400,2025-09-05
75.62999725341797,75.62999725341797,75.68000030517578,73.56999969482422,75.2699966430664,2196000,2025-09-08
75.05999755859375,75.05999755859375,76.73999786376953,74.58000183105469,75.62999725341797,2290500,2025-09-09
73.5999984741211,73.5999984741211,75.08000183105469,72.08999633789062,75.05999755859375,2820600,2025-09-10
74.68000030517578,74.68000030517578,74.80999755859375,72.9800033569336,74.22000122070312,3423800,2025-09-11
74.45999908447266,74.45999908447266,74.5999984741211,73.01000213623047,74.4000015258789,2140400,2025-09-12
72.87000274658203,72.87000274658203,75.54000091552734,72.4800033569336,74.4000015258789,2660000,2025-09-15
74.22000122070312,74.22000122070312,74.5999984741211,73.22000122070312,73.4800033569336,2744600,2025-09-16
74.48999786376953,74.48999786376953,75.41999816894531,73.05999755859375,74.33000183105469,2413700,2025-09-17
77.02999877929688,77.02999877929688,77.47000122070312,75.37999725341797,75.83999633789062,3356900,2025-09-18
78.94999694824219,78.94999694824219,80.30000305175781,75.7300033569336,77.94000244140625,8990600,2025-09-19
82.97000122070312,82.97000122070312,83.47000122070312,79.55000305175781,79.6500015258789,4497200,2025-09-22
81.26000213623047,81.26000213623047,83.5199966430664,80.41000366210938,83.2300033569336,2301800,2025-09-23
80.66000366210938,80.66000366210938,81.91999816894531,80.54000091552734,80.87999725341797,1678600,2025-09-24
79.36000061035156,79.36000061035156,79.97000122070312,78.47000122070312,79.87000274658203,1547100,2025-09-25
79.51000213623047,79.51000213623047,79.87999725341797,78.83000183105469,79.37999725341797,1310500,2025-09-26
76.93000030517578,76.93000030517578,80.30999755859375,76.5,80.11000061035156,2796600,2025-09-29
76.9800033569336,76.9800033569336,77.66000366210938,76.27999877929688,76.93000030517578,2195200,2025-09-30
76.33999633789062,76.33999633789062,77.5999984741211,75.62000274658203,76.94999694824219,2350800,2025-10-01
77.37000274658203,77.37000274658203,78.26000213623047,76.62999725341797,77.08000183105469,1742600,2025-10-02
77.0999984741211,77.0999984741211,78.1500015258789,76.86000061035156,77.20999908447266,1475200,2025-10-03
76.91000366210938,76.91000366210938,77.65499877929688,75.04000091552734,77.4000015258789,1924493,2025-10-06
